,net_Dienst Gezondheid & Jeugd ZHZ,gross_Dienst Gezondheid & Jeugd ZHZ,net_GGD Amsterdam,gross_GGD Amsterdam,net_GGD Brabant-Zuidoost,gross_GGD Brabant-Zuidoost,net_GGD Drenthe,gross_GGD Drenthe,net_GGD Flevoland,gross_GGD Flevoland,net_GGD Fryslân,gross_GGD Fryslân,net_GGD Gelderland-Zuid,gross_GGD Gelderland-Zuid,net_GGD Gooi en Vechtstreek,gross_GGD Gooi en Vechtstreek,net_GGD Groningen,gross_GGD Groningen,net_GGD Haaglanden,gross_GGD Haaglanden,net_GGD Hart voor Brabant,gross_GGD Hart voor Brabant,net_GGD Hollands-Midden,gross_GGD Hollands-Midden,net_GGD Hollands-Noorden,gross_GGD Hollands-Noorden,net_GGD IJsselland,gross_GGD IJsselland,net_GGD Kennemerland,gross_GGD Kennemerland,net_GGD Limburg-Noord,gross_GGD Limburg-Noord,net_GGD Noord- en Oost-Gelderland,gross_GGD Noord- en Oost-Gelderland,net_GGD Regio Twente,gross_GGD Regio Twente,net_GGD Regio Utrecht,gross_GGD Regio Utrecht,net_GGD Rotterdam-Rijnmond,gross_GGD Rotterdam-Rijnmond,net_GGD West-Brabant,gross_GGD West-Brabant,net_GGD Zaanstreek/Waterland,gross_GGD Zaanstreek/Waterland,net_GGD Zeeland,gross_GGD Zeeland,net_GGD Zuid-Limburg,gross_GGD Zuid-Limburg,net_Veiligheids- en Gezondheidsregio Gelderland-Midden,gross_Veiligheids- en Gezondheidsregio Gelderland-Midden,net_nl,gross_nl,nowcast_nl,nowcast_nl_0_2,nowcast_nl_chain,nowcast_nl_chain_0_2
2020-07-02,2.0,2.0,5.0,7.0,2.0,4.0,1.0,2.0,0.0,0.0,2.0,2.0,1.0,1.0,8.0,8.0,0.0,0.0,12.0,14.0,6.0,8.0,2.0,12.0,0.0,0.0,2.0,2.0,3.0,3.0,1.0,1.0,2.0,2.0,0.0,0.0,1.0,4.0,16.0,21.0,1.0,1.0,3.0,3.0,2.0,2.0,2.0,4.0,3.0,4.0,77.0,89.0,,,,
2020-07-03,0.0,0.0,10.0,12.0,2.0,3.0,0.0,0.0,1.0,1.0,0.0,0.0,-1.0,1.0,5.0,5.0,0.0,0.0,19.0,23.0,3.0,4.0,3.0,4.0,1.0,1.0,4.0,5.0,4.0,4.0,3.0,3.0,1.0,1.0,1.0,1.0,2.0,2.0,10.0,22.0,2.0,2.0,0.0,0.0,1.0,1.0,2.0,2.0,2.0,2.0,75.0,80.0,,,,
2020-07-04,0.0,2.0,8.0,15.0,0.0,0.0,-2.0,0.0,2.0,3.0,1.0,1.0,1.0,1.0,3.0,3.0,0.0,0.0,4.0,11.0,11.0,12.0,7.0,10.0,0.0,0.0,0.0,1.0,0.0,1.0,0.0,0.0,0.0,0.0,0.0,1.0,11.0,13.0,10.0,12.0,2.0,2.0,1.0,1.0,1.0,1.0,1.0,1.0,0.0,2.0,61.0,75.0,,,,
2020-07-05,1.0,1.0,6.0,6.0,3.0,3.0,0.0,0.0,0.0,0.0,1.0,1.0,1.0,1.0,2.0,2.0,2.0,2.0,6.0,12.0,4.0,5.0,3.0,3.0,0.0,0.0,2.0,2.0,4.0,4.0,0.0,0.0,3.0,3.0,1.0,1.0,12.0,12.0,16.0,18.0,2.0,2.0,0.0,0.0,3.0,3.0,1.0,1.0,0.0,3.0,73.0,76.0,,,,
2020-07-06,1.0,2.0,3.0,6.0,1.0,4.0,1.0,1.0,0.0,0.0,0.0,0.0,1.0,1.0,0.0,0.0,0.0,0.0,3.0,5.0,0.0,2.0,1.0,1.0,1.0,1.0,-3.0,7.0,0.0,0.0,0.0,0.0,1.0,1.0,2.0,2.0,6.0,9.0,15.0,17.0,2.0,2.0,0.0,0.0,0.0,0.0,1.0,1.0,0.0,0.0,36.0,51.0,,,,
2020-07-07,0.0,1.0,2.0,3.0,3.0,3.0,0.0,0.0,0.0,0.0,0.0,1.0,1.0,1.0,2.0,2.0,0.0,0.0,8.0,9.0,4.0,4.0,1.0,1.0,0.0,0.0,3.0,4.0,3.0,3.0,0.0,0.0,0.0,0.0,1.0,1.0,3.0,7.0,1.0,9.0,4.0,4.0,0.0,0.0,0.0,0.0,1.0,1.0,0.0,1.0,37.0,45.0,,,,
2020-07-08,0.0,0.0,7.0,7.0,4.0,5.0,1.0,1.0,0.0,0.0,1.0,1.0,4.0,4.0,2.0,2.0,1.0,1.0,10.0,14.0,2.0,4.0,0.0,0.0,1.0,1.0,2.0,3.0,2.0,2.0,0.0,0.0,-1.0,4.0,1.0,1.0,0.0,5.0,8.0,9.0,4.0,4.0,0.0,0.0,1.0,1.0,1.0,1.0,1.0,1.0,52.0,66.0,,,,
2020-07-09,3.0,3.0,4.0,5.0,2.0,4.0,-1.0,1.0,0.0,0.0,0.0,0.0,2.0,2.0,2.0,2.0,1.0,1.0,2.0,11.0,2.0,4.0,3.0,3.0,0.0,0.0,1.0,1.0,2.0,2.0,1.0,1.0,-1.0,0.0,-3.0,1.0,12.0,13.0,15.0,15.0,4.0,4.0,0.0,0.0,0.0,0.0,1.0,1.0,0.0,0.0,52.0,64.0,,,,
2020-07-10,1.0,3.0,10.0,10.0,2.0,2.0,1.0,1.0,-5.0,1.0,1.0,1.0,0.0,1.0,1.0,1.0,0.0,0.0,6.0,13.0,6.0,7.0,1.0,1.0,0.0,2.0,1.0,5.0,2.0,3.0,0.0,0.0,-1.0,6.0,0.0,0.0,-4.0,11.0,10.0,15.0,4.0,4.0,0.0,0.0,0.0,0.0,1.0,1.0,5.0,6.0,42.0,81.0,,,,
2020-07-11,2.0,3.0,5.0,7.0,1.0,1.0,0.0,0.0,1.0,1.0,0.0,1.0,1.0,1.0,-1.0,0.0,1.0,1.0,12.0,14.0,7.0,9.0,5.0,5.0,1.0,1.0,3.0,3.0,5.0,5.0,0.0,0.0,0.0,0.0,1.0,1.0,10.0,14.0,16.0,19.0,6.0,6.0,2.0,2.0,2.0,2.0,0.0,0.0,1.0,5.0,81.0,89.0,,,,
2020-07-12,0.0,1.0,4.0,5.0,6.0,6.0,0.0,0.0,0.0,0.0,1.0,1.0,4.0,4.0,3.0,3.0,0.0,0.0,7.0,9.0,8.0,9.0,6.0,6.0,1.0,1.0,1.0,1.0,1.0,1.0,1.0,1.0,1.0,1.0,3.0,3.0,8.0,10.0,38.0,38.0,6.0,6.0,0.0,0.0,0.0,0.0,2.0,2.0,0.0,0.0,101.0,102.0,,,,
2020-07-13,-1.0,0.0,12.0,13.0,2.0,3.0,0.0,0.0,0.0,0.0,0.0,0.0,1.0,1.0,1.0,2.0,0.0,0.0,12.0,16.0,6.0,7.0,6.0,7.0,0.0,0.0,1.0,3.0,2.0,6.0,0.0,0.0,1.0,1.0,0.0,0.0,9.0,11.0,8.0,14.0,5.0,5.0,1.0,1.0,2.0,2.0,1.0,1.0,2.0,2.0,71.0,75.0,,,,
2020-07-14,1.0,2.0,6.0,11.0,0.0,2.0,0.0,0.0,0.0,0.0,1.0,1.0,5.0,5.0,-5.0,0.0,0.0,0.0,9.0,10.0,-21.0,4.0,2.0,2.0,1.0,1.0,1.0,1.0,3.0,3.0,1.0,1.0,1.0,1.0,0.0,0.0,6.0,13.0,39.0,41.0,1.0,3.0,3.0,3.0,7.0,7.0,-10.0,0.0,2.0,2.0,53.0,97.0,,,,
2020-07-15,1.0,1.0,5.0,7.0,0.0,2.0,0.0,1.0,0.0,0.0,1.0,1.0,6.0,6.0,2.0,2.0,0.0,0.0,11.0,15.0,4.0,4.0,4.0,4.0,2.0,2.0,3.0,3.0,4.0,4.0,1.0,1.0,-1.0,0.0,3.0,3.0,14.0,15.0,32.0,41.0,1.0,1.0,1.0,1.0,8.0,8.0,4.0,4.0,0.0,2.0,106.0,117.0,,,,
2020-07-16,2.0,3.0,20.0,20.0,4.0,6.0,1.0,1.0,0.0,0.0,1.0,1.0,-2.0,0.0,1.0,1.0,0.0,0.0,15.0,20.0,2.0,4.0,4.0,4.0,-1.0,0.0,0.0,1.0,3.0,3.0,0.0,0.0,-16.0,0.0,2.0,2.0,14.0,15.0,27.0,31.0,8.0,8.0,1.0,1.0,6.0,6.0,1.0,1.0,6.0,6.0,99.0,125.0,,,,
2020-07-17,2.0,2.0,16.0,18.0,2.0,2.0,2.0,3.0,0.0,0.0,1.0,1.0,1.0,1.0,2.0,2.0,0.0,0.0,17.0,21.0,6.0,7.0,6.0,6.0,-2.0,0.0,3.0,4.0,2.0,2.0,1.0,1.0,0.0,0.0,-1.0,0.0,8.0,11.0,22.0,26.0,9.0,9.0,0.0,0.0,6.0,6.0,0.0,0.0,0.0,3.0,103.0,115.0,,,,
2020-07-18,5.0,9.0,3.0,16.0,2.0,3.0,3.0,4.0,0.0,0.0,1.0,1.0,5.0,5.0,0.0,1.0,0.0,0.0,20.0,21.0,2.0,3.0,10.0,10.0,9.0,9.0,2.0,2.0,8.0,8.0,0.0,0.0,0.0,0.0,0.0,0.0,9.0,12.0,12.0,24.0,12.0,12.0,4.0,6.0,14.0,14.0,5.0,5.0,1.0,2.0,127.0,152.0,,,,
2020-07-19,0.0,2.0,32.0,32.0,2.0,2.0,1.0,1.0,0.0,0.0,0.0,0.0,1.0,1.0,2.0,2.0,1.0,1.0,5.0,9.0,2.0,3.0,16.0,16.0,2.0,2.0,2.0,2.0,7.0,7.0,0.0,0.0,2.0,12.0,2.0,2.0,14.0,17.0,30.0,31.0,15.0,15.0,0.0,1.0,6.0,6.0,1.0,1.0,1.0,1.0,144.0,155.0,,,,
2020-07-20,4.0,4.0,29.0,32.0,8.0,8.0,0.0,0.0,1.0,1.0,0.0,0.0,3.0,3.0,1.0,2.0,0.0,0.0,12.0,12.0,2.0,2.0,10.0,10.0,2.0,2.0,8.0,12.0,0.0,0.0,0.0,0.0,1.0,2.0,2.0,2.0,25.0,27.0,48.0,50.0,13.0,13.0,3.0,4.0,6.0,6.0,4.0,4.0,3.0,4.0,185.0,186.0,,,,
2020-07-21,6.0,7.0,25.0,31.0,3.0,3.0,1.0,1.0,1.0,1.0,0.0,0.0,2.0,3.0,2.0,2.0,1.0,1.0,23.0,25.0,0.0,9.0,13.0,13.0,1.0,1.0,1.0,2.0,7.0,11.0,2.0,2.0,2.0,2.0,1.0,1.0,12.0,12.0,39.0,47.0,9.0,9.0,2.0,2.0,3.0,3.0,1.0,1.0,6.0,6.0,163.0,177.0,,,,
2020-07-22,7.0,10.0,14.0,18.0,1.0,2.0,2.0,2.0,0.0,1.0,2.0,2.0,2.0,2.0,3.0,3.0,0.0,0.0,18.0,22.0,11.0,11.0,13.0,13.0,7.0,7.0,3.0,4.0,8.0,8.0,0.0,0.0,1.0,1.0,1.0,1.0,14.0,17.0,38.0,45.0,14.0,14.0,3.0,3.0,3.0,3.0,1.0,1.0,2.0,4.0,168.0,176.0,,,,
2020-07-23,4.0,4.0,17.0,18.0,6.0,8.0,3.0,3.0,1.0,1.0,0.0,0.0,0.0,0.0,4.0,4.0,0.0,0.0,23.0,25.0,-3.0,13.0,13.0,13.0,6.0,6.0,1.0,1.0,5.0,5.0,0.0,0.0,0.0,0.0,0.0,0.0,16.0,16.0,50.0,59.0,8.0,8.0,0.0,0.0,6.0,6.0,0.0,0.0,3.0,5.0,163.0,179.0,,,,
2020-07-24,7.0,12.0,20.0,25.0,4.0,4.0,1.0,1.0,2.0,3.0,2.0,2.0,3.0,3.0,2.0,4.0,1.0,1.0,16.0,23.0,0.0,6.0,21.0,21.0,9.0,9.0,1.0,2.0,12.0,12.0,2.0,2.0,6.0,7.0,0.0,0.0,4.0,8.0,58.0,81.0,18.0,18.0,-3.0,0.0,6.0,6.0,2.0,2.0,-3.0,2.0,191.0,215.0,,,,
2020-07-25,5.0,10.0,23.0,25.0,1.0,1.0,2.0,2.0,3.0,3.0,0.0,0.0,0.0,0.0,1.0,1.0,2.0,2.0,5.0,9.0,6.0,8.0,9.0,9.0,4.0,4.0,0.0,0.0,2.0,2.0,1.0,1.0,2.0,2.0,2.0,2.0,19.0,23.0,28.0,33.0,7.0,7.0,1.0,1.0,7.0,7.0,2.0,4.0,5.0,6.0,137.0,144.0,,,,
2020-07-26,4.0,7.0,31.0,39.0,3.0,4.0,1.0,1.0,1.0,1.0,0.0,0.0,2.0,2.0,2.0,2.0,3.0,3.0,17.0,25.0,4.0,6.0,14.0,15.0,8.0,8.0,0.0,0.0,3.0,8.0,1.0,1.0,4.0,5.0,1.0,1.0,16.0,18.0,64.0,70.0,20.0,20.0,3.0,3.0,5.0,5.0,1.0,1.0,6.0,9.0,214.0,234.0,,,,
2020-07-27,7.0,14.0,47.0,47.0,0.0,0.0,1.0,1.0,1.0,1.0,1.0,1.0,2.0,2.0,4.0,4.0,2.0,2.0,26.0,27.0,2.0,5.0,10.0,10.0,1.0,1.0,2.0,2.0,6.0,6.0,2.0,2.0,6.0,6.0,2.0,2.0,7.0,14.0,49.0,62.0,14.0,14.0,3.0,3.0,8.0,8.0,2.0,2.0,0.0,1.0,205.0,210.0,,,,
2020-07-28,7.0,14.0,30.0,35.0,3.0,3.0,0.0,0.0,2.0,2.0,0.0,0.0,3.0,3.0,1.0,1.0,2.0,2.0,22.0,32.0,10.0,11.0,17.0,17.0,10.0,10.0,0.0,2.0,5.0,6.0,0.0,0.0,0.0,1.0,0.0,0.0,9.0,13.0,65.0,65.0,21.0,21.0,4.0,4.0,8.0,8.0,2.0,2.0,2.0,5.0,223.0,223.0,,,,
2020-07-29,10.0,13.0,33.0,35.0,3.0,3.0,0.0,0.0,4.0,4.0,1.0,1.0,1.0,1.0,2.0,2.0,1.0,1.0,13.0,19.0,10.0,12.0,18.0,18.0,4.0,4.0,2.0,2.0,4.0,4.0,0.0,0.0,2.0,2.0,4.0,4.0,24.0,27.0,70.0,81.0,26.0,26.0,2.0,2.0,8.0,8.0,3.0,3.0,2.0,2.0,247.0,248.0,,,,
2020-07-30,10.0,11.0,71.0,71.0,15.0,15.0,1.0,1.0,1.0,1.0,1.0,1.0,2.0,2.0,5.0,5.0,2.0,2.0,21.0,28.0,13.0,13.0,24.0,24.0,5.0,5.0,0.0,0.0,9.0,9.0,2.0,2.0,4.0,5.0,0.0,0.0,24.0,25.0,95.0,117.0,17.0,17.0,4.0,4.0,8.0,8.0,2.0,2.0,6.0,7.0,342.0,343.0,,,,
2020-07-31,10.0,14.0,53.0,69.0,9.0,13.0,1.0,1.0,9.0,11.0,2.0,2.0,5.0,6.0,3.0,4.0,3.0,3.0,55.0,62.0,9.0,9.0,12.0,12.0,1.0,1.0,1.0,2.0,11.0,11.0,0.0,0.0,8.0,8.0,2.0,2.0,35.0,37.0,78.0,104.0,18.0,18.0,5.0,7.0,4.0,4.0,2.0,2.0,2.0,3.0,338.0,356.0,,,,
2020-08-01,4.0,12.0,68.0,81.0,10.0,13.0,1.0,1.0,8.0,10.0,1.0,1.0,8.0,8.0,5.0,5.0,4.0,4.0,53.0,55.0,14.0,15.0,22.0,22.0,5.0,5.0,2.0,2.0,12.0,12.0,4.0,4.0,3.0,3.0,4.0,4.0,24.0,28.0,128.0,160.0,26.0,26.0,5.0,6.0,5.0,5.0,3.0,3.0,12.0,12.0,431.0,439.0,444.8576615,453.84973219999995,519.76419,553.3037535
2020-08-02,12.0,13.0,31.0,53.0,18.0,19.0,1.0,1.0,4.0,4.0,3.0,3.0,4.0,4.0,4.0,4.0,6.0,6.0,47.0,53.0,10.0,10.0,16.0,16.0,8.0,8.0,1.0,1.0,8.0,8.0,1.0,1.0,5.0,5.0,2.0,2.0,24.0,29.0,109.0,134.0,33.0,36.0,7.0,9.0,5.0,5.0,2.0,2.0,5.0,6.0,366.0,376.0,482.1066824,518.8765754,539.5956396,550.7828588
2020-08-03,8.0,12.0,51.0,51.0,10.0,10.0,1.0,2.0,8.0,8.0,1.0,1.0,1.0,3.0,4.0,4.0,3.0,3.0,50.0,51.0,7.0,10.0,15.0,15.0,5.0,5.0,5.0,7.0,8.0,8.0,2.0,2.0,1.0,1.0,2.0,2.0,15.0,18.0,125.0,168.0,36.0,36.0,4.0,4.0,8.0,8.0,2.0,2.0,0.0,0.0,372.0,382.0,488.13828370000004,508.6418428,532.1009638,786.0569109
2020-08-04,7.0,19.0,149.0,149.0,12.0,15.0,0.0,0.0,6.0,6.0,0.0,0.0,2.0,2.0,10.0,11.0,6.0,6.0,57.0,63.0,15.0,17.0,13.0,15.0,5.0,7.0,2.0,2.0,6.0,6.0,4.0,4.0,1.0,1.0,1.0,1.0,28.0,29.0,115.0,138.0,25.0,25.0,6.0,6.0,10.0,10.0,0.0,0.0,5.0,5.0,485.0,491.0,586.2544642000001,642.3624357000001,611.8318063999999,594.9896837
2020-08-05,12.0,21.0,70.0,71.0,6.0,7.0,5.0,5.0,3.0,3.0,0.0,0.0,4.0,4.0,6.0,7.0,5.0,5.0,43.0,46.0,22.0,22.0,20.0,20.0,7.0,7.0,3.0,3.0,7.0,7.0,7.0,7.0,4.0,4.0,2.0,2.0,25.0,28.0,143.0,175.0,21.0,24.0,3.0,3.0,9.0,9.0,0.0,0.0,-1.0,5.0,426.0,432.0,640.775854,675.3501303999999,693.2387742999997,685.9512222
2020-08-06,12.0,16.0,157.0,158.0,7.0,8.0,3.0,3.0,4.0,4.0,0.0,0.0,6.0,8.0,11.0,12.0,6.0,6.0,82.0,90.0,21.0,23.0,25.0,25.0,6.0,6.0,7.0,14.0,13.0,13.0,6.0,7.0,8.0,9.0,5.0,5.0,51.0,54.0,123.0,153.0,32.0,32.0,11.0,12.0,5.0,6.0,-4.0,2.0,4.0,5.0,601.0,609.0,722.3578338,720.4358251,735.1161910000003,696.3103907999997
2020-08-07,34.0,46.0,81.0,91.0,15.0,16.0,1.0,1.0,5.0,5.0,1.0,1.0,8.0,8.0,8.0,8.0,7.0,7.0,58.0,58.0,18.0,19.0,17.0,17.0,11.0,11.0,8.0,8.0,13.0,13.0,9.0,9.0,10.0,10.0,4.0,4.0,49.0,54.0,111.0,136.0,37.0,37.0,5.0,8.0,4.0,4.0,0.0,0.0,5.0,5.0,519.0,521.0,759.0970545,790.665975,746.0064083999997,695.5057477999999
2020-08-08,10.0,15.0,104.0,110.0,13.0,16.0,3.0,3.0,4.0,4.0,3.0,3.0,5.0,5.0,4.0,4.0,7.0,8.0,81.0,84.0,13.0,15.0,21.0,21.0,8.0,8.0,5.0,16.0,13.0,13.0,5.0,5.0,8.0,8.0,5.0,5.0,36.0,37.0,73.0,84.0,45.0,47.0,5.0,7.0,7.0,8.0,2.0,2.0,6.0,8.0,486.0,488.0,752.6263313999997,781.3111142000001,720.8857982000003,677.5241009
2020-08-09,9.0,39.0,88.0,89.0,5.0,6.0,5.0,5.0,5.0,5.0,2.0,2.0,20.0,20.0,4.0,4.0,7.0,7.0,43.0,51.0,29.0,30.0,35.0,35.0,1.0,1.0,3.0,3.0,12.0,13.0,8.0,8.0,2.0,3.0,2.0,2.0,34.0,37.0,156.0,159.0,52.0,52.0,23.0,23.0,6.0,6.0,9.0,9.0,17.0,18.0,577.0,578.0,818.1337698,931.147486,742.0787527000001,682.7190851
2020-08-10,22.0,24.0,192.0,222.0,21.0,22.0,0.0,0.0,2.0,2.0,14.0,14.0,4.0,4.0,2.0,2.0,9.0,9.0,75.0,82.0,8.0,15.0,27.0,27.0,3.0,3.0,7.0,8.0,8.0,8.0,9.0,9.0,16.0,16.0,1.0,1.0,33.0,39.0,131.0,179.0,38.0,38.0,3.0,7.0,0.0,0.0,2.0,2.0,3.0,7.0,630.0,632.0,803.1472742000003,800.3118825,720.0254922,666.8798347999998
2020-08-11,23.0,29.0,120.0,142.0,10.0,14.0,2.0,2.0,46.0,46.0,15.0,15.0,9.0,9.0,4.0,4.0,4.0,4.0,61.0,63.0,29.0,35.0,41.0,41.0,9.0,9.0,0.0,7.0,22.0,22.0,3.0,3.0,7.0,8.0,7.0,7.0,44.0,51.0,162.0,196.0,69.0,69.0,29.0,29.0,26.0,26.0,18.0,18.0,19.0,24.0,779.0,807.0,828.755498,786.3969021,861.4057676000001,913.0647356000001
2020-08-12,21.0,27.0,112.0,116.0,17.0,19.0,2.0,2.0,10.0,12.0,11.0,11.0,7.0,8.0,10.0,14.0,10.0,10.0,60.0,62.0,12.0,16.0,30.0,30.0,7.0,8.0,7.0,7.0,18.0,19.0,9.0,9.0,8.0,8.0,7.0,7.0,45.0,48.0,187.0,216.0,29.0,29.0,9.0,11.0,6.0,6.0,3.0,3.0,17.0,19.0,654.0,658.0,824.0320707999997,763.5309606000003,872.2873576999997,868.7960554
2020-08-13,14.0,24.0,74.0,81.0,10.0,11.0,3.0,3.0,9.0,9.0,10.0,10.0,8.0,8.0,13.0,13.0,11.0,11.0,82.0,85.0,19.0,20.0,41.0,42.0,7.0,8.0,10.0,11.0,16.0,16.0,10.0,10.0,11.0,11.0,9.0,9.0,54.0,55.0,111.0,127.0,28.0,28.0,9.0,9.0,4.0,4.0,7.0,7.0,7.0,11.0,577.0,579.0,700.6059557,597.7528014,804.1615993,759.023721
2020-08-14,10.0,23.0,138.0,138.0,19.0,24.0,1.0,1.0,17.0,18.0,10.0,10.0,10.0,10.0,12.0,12.0,12.0,12.0,90.0,90.0,30.0,32.0,26.0,28.0,7.0,7.0,5.0,5.0,30.0,30.0,7.0,7.0,8.0,9.0,11.0,11.0,37.0,41.0,102.0,119.0,21.0,21.0,9.0,10.0,3.0,3.0,10.0,10.0,11.0,12.0,636.0,639.0,639.2463782000002,553.6216373,705.494277,647.0586862
2020-08-15,14.0,24.0,141.0,141.0,21.0,21.0,2.0,2.0,7.0,7.0,5.0,5.0,5.0,5.0,11.0,13.0,8.0,8.0,68.0,69.0,24.0,24.0,29.0,29.0,11.0,11.0,1.0,1.0,23.0,24.0,24.0,24.0,7.0,7.0,6.0,7.0,29.0,30.0,160.0,172.0,26.0,26.0,7.0,8.0,5.0,6.0,12.0,12.0,9.0,12.0,655.0,657.0,692.4065287999997,633.0384191,780.9279672,725.637867
2020-08-16,9.0,11.0,105.0,123.0,23.0,26.0,1.0,1.0,10.0,10.0,6.0,6.0,7.0,7.0,4.0,5.0,9.0,9.0,38.0,49.0,25.0,28.0,22.0,22.0,6.0,6.0,0.0,5.0,11.0,12.0,12.0,12.0,13.0,13.0,11.0,11.0,36.0,48.0,100.0,109.0,29.0,29.0,5.0,5.0,5.0,5.0,9.0,9.0,11.0,18.0,507.0,510.0,641.9565754,608.5079792,696.0908164,651.3187417
2020-08-17,12.0,14.0,107.0,107.0,16.0,16.0,3.0,3.0,13.0,13.0,11.0,12.0,8.0,8.0,5.0,5.0,10.0,10.0,72.0,72.0,27.0,29.0,10.0,14.0,6.0,6.0,7.0,7.0,22.0,22.0,4.0,5.0,6.0,8.0,2.0,2.0,31.0,43.0,65.0,112.0,17.0,17.0,19.0,19.0,2.0,3.0,2.0,3.0,5.0,9.0,482.0,486.0,598.7515043999998,581.0830525,628.2331877,562.987852
2020-08-18,9.0,19.0,131.0,132.0,18.0,22.0,1.0,1.0,7.0,8.0,13.0,13.0,7.0,7.0,8.0,8.0,8.0,9.0,61.0,63.0,34.0,41.0,13.0,20.0,2.0,2.0,9.0,18.0,9.0,15.0,9.0,9.0,6.0,7.0,6.0,6.0,22.0,28.0,79.0,106.0,16.0,16.0,7.0,8.0,3.0,3.0,2.0,2.0,9.0,12.0,489.0,498.0,590.0903390999998,534.0316257000002,665.9830138,594.8986526000001
2020-08-19,14.0,18.0,104.0,114.0,16.0,26.0,2.0,2.0,14.0,15.0,8.0,8.0,15.0,15.0,15.0,15.0,5.0,5.0,58.0,60.0,25.0,30.0,29.0,32.0,9.0,9.0,0.0,9.0,25.0,25.0,9.0,9.0,3.0,5.0,7.0,7.0,45.0,50.0,87.0,113.0,24.0,24.0,10.0,10.0,9.0,9.0,4.0,4.0,15.0,16.0,552.0,557.0,528.4823418000002,477.3585772,588.7191481000001,511.546252
2020-08-20,13.0,22.0,119.0,126.0,12.0,19.0,3.0,3.0,13.0,13.0,4.0,5.0,4.0,4.0,16.0,19.0,9.0,10.0,56.0,65.0,20.0,23.0,14.0,14.0,10.0,10.0,5.0,10.0,10.0,10.0,14.0,14.0,6.0,7.0,14.0,15.0,33.0,41.0,97.0,146.0,18.0,18.0,7.0,8.0,7.0,8.0,9.0,9.0,16.0,23.0,529.0,552.0,517.842446,477.49581060000014,577.264845,497.8122217
2020-08-21,14.0,22.0,96.0,122.0,24.0,31.0,3.0,3.0,14.0,14.0,4.0,5.0,7.0,8.0,7.0,7.0,7.0,7.0,49.0,52.0,42.0,42.0,25.0,25.0,13.0,13.0,9.0,10.0,18.0,19.0,8.0,8.0,13.0,13.0,15.0,15.0,35.0,41.0,73.0,102.0,15.0,15.0,6.0,8.0,7.0,7.0,15.0,15.0,16.0,18.0,535.0,541.0,575.283,541.7968473,648.7597032000001,575.9901079
2020-08-22,9.0,16.0,54.0,61.0,12.0,16.0,3.0,3.0,16.0,16.0,6.0,7.0,10.0,10.0,3.0,3.0,9.0,9.0,82.0,88.0,33.0,33.0,21.0,23.0,5.0,5.0,3.0,8.0,18.0,18.0,18.0,18.0,10.0,12.0,12.0,12.0,48.0,50.0,80.0,125.0,19.0,19.0,7.0,8.0,15.0,15.0,5.0,5.0,10.0,14.0,508.0,548.0,517.6676347,472.68764139999996,587.7355706000002,513.4184114
2020-08-23,7.0,17.0,85.0,120.0,23.0,24.0,3.0,3.0,11.0,11.0,7.0,7.0,10.0,10.0,2.0,2.0,6.0,6.0,38.0,56.0,24.0,27.0,17.0,17.0,5.0,5.0,5.0,6.0,10.0,10.0,16.0,16.0,16.0,17.0,8.0,8.0,33.0,40.0,65.0,90.0,22.0,22.0,6.0,11.0,9.0,9.0,13.0,13.0,16.0,26.0,457.0,479.0,502.1121172,482.3710205,562.3791181,719.7308221
2020-08-24,7.0,19.0,129.0,157.0,29.0,29.0,0.0,0.0,6.0,7.0,4.0,4.0,13.0,13.0,9.0,9.0,3.0,3.0,80.0,81.0,32.0,34.0,22.0,22.0,0.0,0.0,5.0,5.0,15.0,15.0,6.0,6.0,25.0,25.0,7.0,7.0,31.0,50.0,78.0,97.0,26.0,26.0,14.0,15.0,5.0,5.0,13.0,13.0,15.0,17.0,574.0,591.0,481.91663960000005,424.3049426,552.7472471,612.5869809999998
2020-08-25,5.0,9.0,98.0,112.0,11.0,21.0,3.0,3.0,12.0,12.0,4.0,5.0,20.0,21.0,15.0,15.0,5.0,6.0,35.0,46.0,30.0,34.0,12.0,13.0,9.0,9.0,2.0,2.0,18.0,18.0,13.0,13.0,5.0,8.0,3.0,3.0,23.0,30.0,46.0,97.0,16.0,17.0,3.0,4.0,2.0,2.0,12.0,12.0,13.0,21.0,415.0,454.0,432.69785610000014,385.1100349,496.9477605000001,903.3257042000001
2020-08-26,12.0,19.0,86.0,96.0,32.0,32.0,1.0,1.0,8.0,8.0,8.0,8.0,11.0,11.0,12.0,12.0,4.0,4.0,82.0,82.0,42.0,45.0,20.0,25.0,11.0,12.0,11.0,18.0,18.0,18.0,8.0,8.0,14.0,18.0,5.0,7.0,38.0,48.0,93.0,156.0,24.0,24.0,5.0,5.0,1.0,1.0,16.0,16.0,9.0,19.0,571.0,618.0,488.54575530000005,430.8443266,575.21183,737.7464884999997
2020-08-27,14.0,21.0,99.0,111.0,25.0,26.0,2.0,2.0,9.0,9.0,3.0,3.0,5.0,9.0,8.0,8.0,6.0,6.0,55.0,67.0,35.0,36.0,19.0,21.0,8.0,8.0,5.0,5.0,13.0,14.0,10.0,10.0,16.0,17.0,1.0,1.0,48.0,54.0,78.0,106.0,12.0,12.0,6.0,6.0,6.0,6.0,13.0,13.0,14.0,15.0,510.0,536.0,474.60145980000004,433.76998939999993,549.7346993,560.6432865
2020-08-28,7.0,14.0,86.0,101.0,34.0,34.0,1.0,1.0,11.0,11.0,3.0,3.0,9.0,9.0,9.0,9.0,10.0,10.0,50.0,65.0,35.0,39.0,15.0,15.0,12.0,12.0,3.0,3.0,21.0,23.0,10.0,10.0,14.0,14.0,4.0,4.0,36.0,47.0,79.0,123.0,19.0,19.0,6.0,6.0,4.0,4.0,9.0,9.0,20.0,26.0,507.0,535.0,541.8203183999998,485.97001860000006,635.7643032999998,728.5442529000003
2020-08-29,5.0,14.0,73.0,94.0,23.0,23.0,1.0,1.0,16.0,16.0,7.0,7.0,7.0,7.0,8.0,8.0,4.0,6.0,57.0,57.0,45.0,50.0,13.0,17.0,18.0,18.0,5.0,6.0,19.0,20.0,10.0,10.0,5.0,6.0,8.0,8.0,38.0,50.0,63.0,85.0,18.0,18.0,9.0,9.0,12.0,12.0,16.0,16.0,21.0,25.0,501.0,533.0,560.2800256,514.9749343000002,650.5666521,552.4536982999998
2020-08-30,17.0,22.0,67.0,73.0,12.0,13.0,2.0,2.0,8.0,8.0,5.0,10.0,5.0,5.0,6.0,6.0,2.0,2.0,87.0,87.0,40.0,44.0,22.0,23.0,10.0,10.0,6.0,14.0,13.0,13.0,6.0,6.0,15.0,16.0,6.0,6.0,50.0,60.0,80.0,109.0,13.0,13.0,8.0,8.0,3.0,3.0,11.0,11.0,14.0,19.0,508.0,528.0,476.15709929999997,461.6547829,540.1957416,506.3853366
2020-08-31,5.0,15.0,116.0,122.0,24.0,30.0,1.0,1.0,3.0,4.0,5.0,7.0,8.0,8.0,13.0,13.0,8.0,9.0,95.0,95.0,32.0,35.0,21.0,21.0,11.0,12.0,7.0,8.0,17.0,17.0,8.0,8.0,8.0,10.0,3.0,3.0,50.0,57.0,45.0,107.0,13.0,13.0,3.0,3.0,3.0,3.0,16.0,16.0,12.0,16.0,527.0,556.0,442.256243,412.6799815,503.36985089999996,467.7007524
2020-09-01,16.0,20.0,82.0,82.0,13.0,13.0,0.0,0.0,13.0,14.0,1.0,3.0,7.0,7.0,7.0,7.0,2.0,2.0,73.0,75.0,24.0,24.0,11.0,11.0,10.0,10.0,3.0,3.0,21.0,21.0,5.0,5.0,11.0,12.0,0.0,0.0,36.0,43.0,75.0,105.0,15.0,15.0,12.0,14.0,0.0,0.0,14.0,14.0,11.0,23.0,462.0,484.0,416.1875812,389.08312639999997,472.02130199999993,428.4880024
2020-09-02,23.0,30.0,145.0,156.0,27.0,30.0,0.0,0.0,14.0,14.0,2.0,2.0,16.0,16.0,20.0,20.0,4.0,4.0,97.0,108.0,28.0,33.0,24.0,27.0,15.0,15.0,14.0,17.0,15.0,15.0,8.0,8.0,12.0,13.0,4.0,4.0,72.0,80.0,144.0,174.0,14.0,14.0,7.0,7.0,2.0,2.0,15.0,15.0,12.0,14.0,734.0,745.0,551.7888783,525.5097007,640.0260963,654.711834
2020-09-03,18.0,28.0,81.0,81.0,30.0,30.0,2.0,2.0,17.0,17.0,5.0,6.0,11.0,12.0,17.0,17.0,7.0,7.0,100.0,102.0,28.0,34.0,21.0,22.0,17.0,17.0,9.0,12.0,24.0,24.0,5.0,5.0,8.0,13.0,7.0,7.0,33.0,53.0,111.0,146.0,6.0,6.0,14.0,20.0,3.0,3.0,12.0,12.0,15.0,19.0,601.0,612.0,533.1285574,495.62211720000005,613.9422035,624.6326709
2020-09-04,23.0,38.0,156.0,161.0,27.0,27.0,3.0,3.0,8.0,8.0,6.0,6.0,8.0,8.0,11.0,11.0,7.0,12.0,155.0,155.0,35.0,36.0,22.0,24.0,11.0,11.0,2.0,2.0,20.0,22.0,5.0,5.0,9.0,10.0,7.0,7.0,72.0,82.0,81.0,131.0,15.0,15.0,10.0,12.0,6.0,6.0,23.0,23.0,22.0,23.0,744.0,776.0,612.3835181,576.5011350999997,712.3036694,727.4167698
2020-09-05,20.0,35.0,120.0,126.0,9.0,10.0,2.0,2.0,17.0,18.0,1.0,4.0,15.0,15.0,14.0,14.0,8.0,8.0,81.0,88.0,57.0,59.0,27.0,29.0,11.0,12.0,12.0,21.0,27.0,29.0,17.0,17.0,14.0,17.0,4.0,4.0,65.0,72.0,73.0,94.0,15.0,15.0,13.0,13.0,10.0,10.0,5.0,5.0,17.0,19.0,654.0,663.0,561.2529466,535.0816083999998,641.827602,639.2895507000002
2020-09-06,25.0,33.0,149.0,169.0,30.0,31.0,3.0,3.0,24.0,24.0,6.0,6.0,22.0,22.0,12.0,12.0,6.0,6.0,187.0,190.0,45.0,47.0,48.0,48.0,9.0,9.0,16.0,20.0,25.0,25.0,13.0,13.0,12.0,15.0,8.0,8.0,73.0,81.0,118.0,152.0,21.0,21.0,11.0,11.0,13.0,13.0,12.0,12.0,37.0,38.0,925.0,945.0,713.6797667000003,710.8731932000003,832.4729993,902.4985797
2020-09-07,43.0,49.0,159.0,166.0,40.0,46.0,6.0,6.0,18.0,18.0,8.0,8.0,37.0,37.0,15.0,15.0,11.0,11.0,69.0,106.0,31.0,35.0,32.0,32.0,10.0,11.0,8.0,8.0,22.0,22.0,13.0,13.0,17.0,18.0,8.0,8.0,82.0,88.0,116.0,152.0,14.0,14.0,14.0,14.0,3.0,3.0,5.0,5.0,16.0,18.0,797.0,812.0,698.9691547,725.7713603999997,812.0437403,877.2268493999999
2020-09-08,13.0,27.0,223.0,225.0,37.0,38.0,0.0,2.0,21.0,24.0,1.0,2.0,23.0,23.0,11.0,13.0,13.0,13.0,152.0,154.0,34.0,40.0,68.0,68.0,16.0,16.0,4.0,20.0,30.0,30.0,11.0,11.0,18.0,22.0,8.0,8.0,101.0,101.0,99.0,120.0,20.0,20.0,21.0,22.0,7.0,7.0,8.0,8.0,25.0,36.0,964.0,983.0,735.1385606,787.793488,856.030422,956.5095349999999
2020-09-09,27.0,41.0,157.0,182.0,30.0,31.0,3.0,4.0,27.0,28.0,9.0,9.0,28.0,28.0,19.0,19.0,16.0,16.0,254.0,258.0,56.0,56.0,27.0,30.0,23.0,24.0,11.0,13.0,46.0,46.0,13.0,13.0,26.0,32.0,16.0,22.0,103.0,103.0,152.0,177.0,30.0,30.0,19.0,21.0,4.0,4.0,13.0,13.0,31.0,42.0,1140.0,1162.0,818.5338586,916.735561,957.6325507000001,1124.986354
2020-09-10,13.0,15.0,140.0,158.0,19.0,21.0,7.0,7.0,16.0,17.0,5.0,7.0,49.0,51.0,16.0,16.0,17.0,17.0,78.0,92.0,52.0,55.0,29.0,30.0,19.0,19.0,9.0,9.0,36.0,36.0,16.0,16.0,21.0,24.0,15.0,15.0,43.0,47.0,158.0,192.0,13.0,13.0,13.0,14.0,1.0,1.0,15.0,15.0,23.0,31.0,823.0,849.0,784.4116568,864.4103364,909.8858967,1006.3960050000001
2020-09-11,46.0,50.0,211.0,220.0,43.0,56.0,1.0,1.0,26.0,28.0,5.0,5.0,49.0,49.0,13.0,13.0,30.0,30.0,221.0,224.0,38.0,44.0,86.0,87.0,11.0,11.0,13.0,31.0,55.0,55.0,10.0,10.0,13.0,15.0,20.0,20.0,96.0,100.0,177.0,211.0,20.0,20.0,18.0,19.0,13.0,13.0,26.0,26.0,29.0,36.0,1270.0,1287.0,938.5676831000001,952.8187169,1142.966035,1386.919968
2020-09-12,20.0,30.0,191.0,197.0,22.0,22.0,5.0,5.0,22.0,22.0,5.0,5.0,35.0,35.0,18.0,18.0,35.0,35.0,218.0,218.0,62.0,67.0,61.0,65.0,20.0,21.0,11.0,11.0,58.0,58.0,13.0,13.0,31.0,36.0,5.0,5.0,111.0,119.0,153.0,185.0,26.0,26.0,33.0,33.0,9.0,9.0,24.0,24.0,43.0,49.0,1231.0,1242.0,942.4807167000001,989.4149821000001,1121.3697339999999,1287.7160470000001
2020-09-13,26.0,42.0,224.0,229.0,43.0,51.0,8.0,8.0,23.0,23.0,10.0,10.0,38.0,39.0,12.0,12.0,24.0,24.0,116.0,134.0,47.0,48.0,43.0,45.0,17.0,17.0,15.0,19.0,56.0,56.0,15.0,15.0,13.0,19.0,16.0,16.0,70.0,77.0,168.0,235.0,30.0,30.0,20.0,21.0,11.0,11.0,23.0,23.0,19.0,28.0,1087.0,1112.0,966.6834811000001,1115.3280630000004,1140.30828,1280.9695140000001
2020-09-14,24.0,50.0,218.0,218.0,51.0,51.0,5.0,5.0,27.0,27.0,12.0,13.0,50.0,50.0,15.0,15.0,34.0,34.0,219.0,229.0,42.0,43.0,87.0,90.0,22.0,22.0,16.0,16.0,31.0,35.0,16.0,16.0,21.0,21.0,28.0,28.0,107.0,116.0,145.0,177.0,18.0,18.0,29.0,30.0,4.0,4.0,19.0,19.0,60.0,68.0,1300.0,1308.0,978.078904,1147.593791,1149.647757,1324.237039
2020-09-15,29.0,35.0,280.0,365.0,46.0,48.0,8.0,8.0,24.0,25.0,19.0,19.0,34.0,34.0,22.0,22.0,43.0,43.0,204.0,206.0,38.0,39.0,77.0,80.0,22.0,22.0,25.0,47.0,48.0,57.0,10.0,10.0,59.0,62.0,16.0,16.0,113.0,115.0,145.0,173.0,28.0,28.0,40.0,42.0,8.0,8.0,15.0,18.0,26.0,48.0,1379.0,1418.0,957.3860546,1146.228653,1117.4454230000001,1299.0097759999999
2020-09-16,43.0,53.0,260.0,262.0,28.0,30.0,10.0,10.0,41.0,41.0,17.0,17.0,43.0,43.0,35.0,35.0,33.0,33.0,172.0,179.0,68.0,70.0,80.0,80.0,23.0,23.0,12.0,17.0,62.0,66.0,13.0,13.0,25.0,39.0,31.0,31.0,114.0,129.0,271.0,281.0,30.0,31.0,31.0,31.0,8.0,8.0,20.0,24.0,72.0,90.0,1542.0,1560.0,1091.130986,1339.388111,1307.775705,1603.211823
2020-09-17,50.0,68.0,298.0,307.0,61.0,68.0,14.0,14.0,30.0,35.0,23.0,24.0,54.0,54.0,29.0,29.0,38.0,39.0,184.0,200.0,62.0,65.0,98.0,98.0,28.0,28.0,38.0,38.0,66.0,73.0,17.0,17.0,44.0,53.0,23.0,24.0,185.0,187.0,259.0,326.0,43.0,43.0,16.0,16.0,22.0,22.0,31.0,31.0,40.0,53.0,1753.0,1766.0,1254.476878,1589.473391,1512.662481,1909.6193050000002
2020-09-18,70.0,96.0,414.0,444.0,73.0,75.0,18.0,18.0,31.0,34.0,24.0,24.0,56.0,56.0,21.0,21.0,43.0,43.0,195.0,203.0,79.0,81.0,107.0,107.0,28.0,28.0,14.0,48.0,48.0,49.0,21.0,21.0,34.0,49.0,26.0,26.0,170.0,177.0,331.0,376.0,44.0,44.0,51.0,57.0,15.0,15.0,11.0,11.0,50.0,74.0,1974.0,1990.0,1403.155031,1756.6478149999994,1687.360759,2170.8294100000007
2020-09-19,34.0,40.0,337.0,379.0,72.0,78.0,16.0,16.0,48.0,48.0,27.0,27.0,81.0,81.0,33.0,33.0,49.0,49.0,236.0,239.0,101.0,104.0,110.0,110.0,57.0,57.0,20.0,20.0,72.0,83.0,42.0,42.0,40.0,45.0,43.0,43.0,145.0,155.0,181.0,229.0,45.0,45.0,26.0,32.0,18.0,19.0,17.0,17.0,37.0,46.0,1887.0,1906.0,1412.549837,1728.558387,1637.2478130000006,2088.8894370000007
2020-09-20,54.0,54.0,342.0,412.0,34.0,34.0,24.0,24.0,26.0,26.0,44.0,44.0,64.0,64.0,47.0,47.0,55.0,55.0,329.0,334.0,77.0,79.0,91.0,91.0,34.0,34.0,33.0,47.0,54.0,54.0,16.0,16.0,49.0,59.0,41.0,41.0,131.0,139.0,194.0,246.0,33.0,33.0,22.0,28.0,14.0,14.0,22.0,22.0,14.0,22.0,1844.0,1846.0,1517.250617,1972.913305,1716.7216809999998,2142.942647
2020-09-21,55.0,57.0,309.0,388.0,85.0,86.0,44.0,44.0,25.0,25.0,26.0,26.0,93.0,93.0,39.0,39.0,82.0,82.0,212.0,231.0,111.0,117.0,179.0,180.0,48.0,48.0,33.0,37.0,33.0,37.0,19.0,20.0,71.0,79.0,23.0,23.0,186.0,192.0,358.0,388.0,50.0,50.0,36.0,42.0,22.0,22.0,19.0,19.0,59.0,62.0,2217.0,2227.0,1646.381764,2259.703959,1837.0486050000002,2328.666472
2020-09-22,30.0,34.0,440.0,547.0,90.0,98.0,17.0,17.0,40.0,44.0,30.0,31.0,70.0,70.0,36.0,36.0,86.0,86.0,382.0,385.0,101.0,106.0,110.0,111.0,49.0,49.0,27.0,57.0,67.0,67.0,17.0,17.0,19.0,29.0,36.0,36.0,163.0,167.0,219.0,300.0,72.0,72.0,38.0,42.0,6.0,7.0,21.0,22.0,79.0,81.0,2245.0,2251.0,1714.9486120000001,2315.333625,1887.1439850000002,2376.965277
2020-09-23,80.0,88.0,301.0,410.0,133.0,133.0,36.0,36.0,49.0,49.0,30.0,30.0,92.0,92.0,32.0,32.0,88.0,88.0,226.0,264.0,109.0,112.0,138.0,138.0,33.0,37.0,32.0,33.0,103.0,103.0,35.0,35.0,60.0,73.0,34.0,34.0,205.0,209.0,263.0,282.0,75.0,75.0,48.0,65.0,18.0,18.0,28.0,28.0,109.0,136.0,2357.0,2370.0,1815.6138039999998,2439.589502,2018.682339,2630.787860000001
2020-09-24,53.0,69.0,293.0,397.0,139.0,139.0,47.0,47.0,53.0,53.0,28.0,28.0,91.0,91.0,44.0,44.0,61.0,61.0,250.0,264.0,108.0,116.0,124.0,125.0,51.0,51.0,36.0,83.0,91.0,91.0,25.0,25.0,48.0,77.0,79.0,79.0,228.0,233.0,424.0,424.0,79.0,79.0,61.0,65.0,26.0,26.0,30.0,30.0,75.0,77.0,2544.0,2559.0,1831.755319,2290.788341,2019.218486,2639.898916
2020-09-25,87.0,89.0,413.0,414.0,62.0,62.0,62.0,62.0,52.0,53.0,62.0,62.0,114.0,114.0,32.0,32.0,75.0,75.0,293.0,298.0,176.0,177.0,156.0,156.0,82.0,82.0,33.0,48.0,89.0,89.0,36.0,36.0,109.0,119.0,79.0,85.0,237.0,248.0,280.0,296.0,91.0,91.0,31.0,35.0,14.0,14.0,34.0,34.0,78.0,86.0,2777.0,2787.0,1932.230093,2408.095464,2113.5652609999997,2798.34143
2020-09-26,57.0,57.0,396.0,398.0,60.0,60.0,33.0,33.0,46.0,46.0,81.0,81.0,88.0,88.0,33.0,33.0,49.0,49.0,350.0,354.0,141.0,144.0,256.0,258.0,67.0,67.0,41.0,41.0,104.0,104.0,26.0,26.0,85.0,111.0,46.0,46.0,220.0,220.0,278.0,289.0,75.0,75.0,73.0,82.0,13.0,13.0,27.0,27.0,68.0,71.0,2713.0,2719.0,2102.036824,2689.803156,2301.032035,3101.815339
2020-09-27,70.0,71.0,544.0,544.0,150.0,152.0,48.0,48.0,34.0,34.0,44.0,44.0,77.0,78.0,33.0,33.0,43.0,43.0,358.0,361.0,111.0,115.0,152.0,152.0,66.0,66.0,36.0,36.0,73.0,73.0,44.0,44.0,77.0,101.0,75.0,75.0,236.0,237.0,454.0,460.0,71.0,71.0,68.0,68.0,10.0,10.0,39.0,39.0,82.0,83.0,2995.0,3003.0,2418.769174,3265.86008,2631.42908,3654.3434479999996
2020-09-28,69.0,82.0,289.0,331.0,137.0,137.0,106.0,106.0,46.0,46.0,73.0,73.0,138.0,138.0,31.0,38.0,85.0,85.0,365.0,372.0,124.0,135.0,153.0,154.0,49.0,49.0,58.0,59.0,76.0,76.0,59.0,59.0,37.0,48.0,28.0,39.0,240.0,245.0,448.0,469.0,88.0,88.0,59.0,65.0,7.0,7.0,55.0,55.0,94.0,105.0,2914.0,2923.0,2438.627453,3132.5067559999998,2575.97437,3321.605195
2020-09-29,71.0,74.0,458.0,467.0,175.0,183.0,45.0,68.0,63.0,67.0,67.0,67.0,130.0,138.0,38.0,38.0,82.0,82.0,257.0,263.0,117.0,120.0,132.0,133.0,57.0,57.0,66.0,66.0,116.0,116.0,47.0,47.0,69.0,70.0,64.0,64.0,227.0,233.0,429.0,512.0,87.0,87.0,48.0,61.0,16.0,16.0,28.0,29.0,122.0,125.0,3011.0,3020.0,2498.7473379999997,3056.875013,2630.4667510000004,3376.030279
2020-09-30,103.0,105.0,434.0,438.0,95.0,107.0,30.0,30.0,56.0,61.0,94.0,94.0,101.0,103.0,46.0,46.0,85.0,85.0,432.0,467.0,111.0,116.0,151.0,151.0,99.0,99.0,33.0,43.0,125.0,125.0,53.0,53.0,90.0,90.0,93.0,93.0,313.0,314.0,452.0,469.0,104.0,104.0,72.0,73.0,21.0,21.0,30.0,34.0,71.0,91.0,3294.0,3318.0,2795.514848000001,3153.969787,3060.017718,4134.726197
2020-10-01,73.0,94.0,421.0,428.0,108.0,113.0,49.0,51.0,50.0,50.0,92.0,92.0,107.0,108.0,59.0,60.0,71.0,71.0,356.0,379.0,155.0,155.0,157.0,159.0,52.0,52.0,43.0,65.0,123.0,123.0,67.0,67.0,88.0,92.0,97.0,97.0,291.0,299.0,453.0,521.0,93.0,93.0,74.0,78.0,29.0,29.0,36.0,36.0,108.0,115.0,3252.0,3278.0,2732.2466879999997,2996.877537000001,2881.309812,3534.738459
2020-10-02,96.0,114.0,420.0,420.0,188.0,190.0,74.0,74.0,48.0,48.0,99.0,99.0,127.0,128.0,34.0,34.0,67.0,67.0,373.0,383.0,228.0,231.0,229.0,231.0,67.0,67.0,85.0,85.0,99.0,101.0,51.0,51.0,127.0,127.0,164.0,164.0,339.0,339.0,535.0,566.0,112.0,112.0,88.0,103.0,22.0,22.0,36.0,36.0,117.0,126.0,3825.0,3839.0,3177.8494760000012,3526.8074950000005,3405.8654119999997,4372.257351
2020-10-03,116.0,137.0,445.0,500.0,166.0,173.0,54.0,54.0,64.0,64.0,68.0,68.0,100.0,100.0,57.0,57.0,211.0,211.0,339.0,348.0,276.0,276.0,308.0,308.0,93.0,93.0,40.0,55.0,107.0,107.0,72.0,72.0,59.0,67.0,49.0,53.0,413.0,415.0,540.0,540.0,127.0,127.0,93.0,110.0,23.0,23.0,42.0,42.0,105.0,113.0,3967.0,3976.0,3505.9412549999997,3799.060991,3784.7641909999998,4852.985556000001
2020-10-04,85.0,88.0,537.0,539.0,108.0,114.0,65.0,65.0,75.0,75.0,64.0,64.0,128.0,128.0,55.0,55.0,120.0,120.0,458.0,461.0,219.0,220.0,228.0,268.0,99.0,99.0,55.0,56.0,118.0,118.0,95.0,95.0,114.0,114.0,122.0,122.0,332.0,339.0,501.0,504.0,156.0,156.0,69.0,79.0,52.0,52.0,48.0,48.0,100.0,124.0,4003.0,4008.0,3858.711197,4470.392474,4124.920174,5220.779756
2020-10-05,153.0,156.0,412.0,465.0,202.0,202.0,74.0,74.0,72.0,72.0,104.0,104.0,139.0,142.0,72.0,72.0,144.0,144.0,437.0,453.0,215.0,216.0,262.0,301.0,105.0,106.0,120.0,157.0,125.0,128.0,67.0,67.0,131.0,136.0,252.0,252.0,330.0,345.0,687.0,693.0,186.0,186.0,84.0,90.0,37.0,37.0,46.0,46.0,123.0,136.0,4579.0,4603.0,3994.981677,4474.446474,4149.392845,5004.692753
2020-10-06,148.0,165.0,567.0,578.0,324.0,329.0,37.0,37.0,91.0,91.0,92.0,92.0,143.0,145.0,53.0,53.0,94.0,94.0,350.0,362.0,182.0,189.0,203.0,234.0,65.0,65.0,87.0,203.0,166.0,166.0,59.0,59.0,172.0,181.0,137.0,137.0,461.0,462.0,495.0,547.0,190.0,190.0,82.0,103.0,37.0,37.0,63.0,63.0,230.0,257.0,4528.0,4541.0,4301.2317090000015,4976.003463,4491.970486,5479.705146
2020-10-07,173.0,196.0,550.0,559.0,300.0,309.0,57.0,57.0,71.0,74.0,107.0,107.0,128.0,130.0,92.0,92.0,91.0,91.0,459.0,479.0,211.0,212.0,238.0,247.0,76.0,76.0,92.0,128.0,222.0,225.0,74.0,74.0,68.0,99.0,214.0,214.0,507.0,509.0,689.0,699.0,156.0,156.0,106.0,144.0,37.0,37.0,87.0,88.0,184.0,210.0,4989.0,5003.0,4828.9446130000015,5662.981657,5093.262922,6309.586586
2020-10-08,219.0,231.0,524.0,524.0,286.0,301.0,97.0,98.0,73.0,76.0,133.0,133.0,170.0,170.0,71.0,71.0,150.0,150.0,594.0,598.0,317.0,318.0,270.0,289.0,134.0,134.0,106.0,107.0,160.0,163.0,98.0,98.0,238.0,276.0,186.0,186.0,515.0,517.0,786.0,791.0,200.0,200.0,157.0,197.0,60.0,60.0,80.0,80.0,198.0,224.0,5822.0,5836.0,5722.642669,7236.770878,6186.465268,8041.949282
2020-10-09,176.0,194.0,579.0,579.0,260.0,297.0,95.0,95.0,106.0,106.0,106.0,106.0,165.0,166.0,97.0,97.0,131.0,133.0,732.0,740.0,307.0,309.0,260.0,267.0,129.0,130.0,92.0,138.0,162.0,162.0,83.0,83.0,150.0,212.0,169.0,169.0,615.0,615.0,827.0,918.0,213.0,213.0,161.0,173.0,52.0,52.0,74.0,74.0,230.0,238.0,5971.0,5983.0,6178.624982,7639.5770040000025,6614.202365,8080.318081999999
2020-10-10,220.0,220.0,736.0,736.0,308.0,309.0,161.0,161.0,116.0,116.0,113.0,113.0,213.0,213.0,97.0,97.0,109.0,109.0,372.0,404.0,383.0,383.0,417.0,443.0,96.0,96.0,160.0,204.0,167.0,167.0,166.0,166.0,184.0,232.0,180.0,180.0,617.0,617.0,763.0,826.0,410.0,410.0,127.0,140.0,46.0,46.0,99.0,99.0,239.0,262.0,6499.0,6528.0,7226.867517000002,8253.423157,7799.418232999998,9299.622603
2020-10-11,192.0,193.0,490.0,498.0,317.0,326.0,226.0,226.0,94.0,95.0,177.0,177.0,183.0,186.0,99.0,99.0,149.0,149.0,520.0,557.0,259.0,259.0,457.0,457.0,134.0,134.0,78.0,123.0,172.0,173.0,169.0,169.0,204.0,279.0,270.0,270.0,558.0,561.0,710.0,750.0,395.0,395.0,164.0,181.0,71.0,71.0,89.0,89.0,196.0,220.0,6373.0,6388.0,7692.984529,9421.695465,8023.781539,8879.639377
2020-10-12,190.0,190.0,676.0,728.0,166.0,178.0,206.0,207.0,119.0,119.0,295.0,295.0,212.0,212.0,69.0,69.0,190.0,190.0,554.0,586.0,488.0,489.0,346.0,353.0,122.0,123.0,150.0,150.0,174.0,174.0,171.0,171.0,258.0,335.0,276.0,276.0,633.0,634.0,856.0,1005.0,259.0,259.0,173.0,203.0,49.0,49.0,101.0,101.0,112.0,166.0,6845.0,6866.0,7300.022188,8375.714425,7354.6776370000025,7981.662321
2020-10-13,278.0,278.0,842.0,861.0,414.0,424.0,136.0,137.0,127.0,127.0,145.0,147.0,183.0,183.0,140.0,140.0,167.0,167.0,666.0,675.0,295.0,300.0,322.0,344.0,114.0,120.0,133.0,232.0,276.0,276.0,131.0,131.0,153.0,256.0,331.0,331.0,845.0,850.0,800.0,876.0,257.0,257.0,139.0,209.0,20.0,20.0,106.0,106.0,358.0,402.0,7378.0,7383.0,8459.732505,9464.56557,8723.581506,9600.442876000001
2020-10-14,209.0,219.0,763.0,868.0,482.0,488.0,135.0,135.0,149.0,149.0,124.0,124.0,214.0,216.0,98.0,98.0,121.0,121.0,618.0,638.0,353.0,355.0,276.0,327.0,208.0,208.0,122.0,122.0,286.0,286.0,143.0,143.0,230.0,274.0,203.0,203.0,497.0,510.0,986.0,1051.0,447.0,447.0,125.0,204.0,83.0,83.0,137.0,137.0,278.0,279.0,7287.0,7311.0,8455.769846,9508.077586,8514.66648,8996.658835
2020-10-15,284.0,309.0,589.0,715.0,404.0,479.0,183.0,183.0,125.0,125.0,195.0,195.0,213.0,214.0,115.0,115.0,203.0,203.0,653.0,677.0,661.0,664.0,389.0,407.0,168.0,168.0,175.0,175.0,186.0,186.0,147.0,147.0,320.0,382.0,113.0,114.0,866.0,878.0,899.0,994.0,326.0,326.0,136.0,155.0,72.0,72.0,94.0,94.0,275.0,328.0,7791.0,7908.0,8512.769983,9336.981179,8421.587586,8796.158256
2020-10-16,195.0,219.0,798.0,799.0,280.0,384.0,150.0,150.0,183.0,183.0,156.0,164.0,213.0,215.0,121.0,121.0,158.0,158.0,632.0,655.0,522.0,524.0,520.0,523.0,208.0,209.0,141.0,141.0,257.0,257.0,153.0,153.0,188.0,279.0,504.0,504.0,777.0,791.0,691.0,808.0,418.0,418.0,267.0,300.0,74.0,74.0,123.0,123.0,255.0,369.0,7984.0,7993.0,8742.130008,9586.621701,8626.792919,9036.297961
2020-10-17,171.0,208.0,817.0,817.0,351.0,445.0,140.0,140.0,184.0,185.0,147.0,164.0,236.0,236.0,161.0,161.0,143.0,143.0,546.0,579.0,399.0,419.0,560.0,625.0,445.0,445.0,106.0,106.0,237.0,238.0,245.0,245.0,275.0,375.0,465.0,465.0,740.0,768.0,857.0,859.0,367.0,367.0,77.0,106.0,89.0,90.0,107.0,109.0,249.0,357.0,8114.0,8148.0,8858.905169,9099.416808,8783.651344,9095.081735
2020-10-18,201.0,205.0,854.0,882.0,379.0,423.0,209.0,210.0,71.0,71.0,172.0,176.0,242.0,244.0,114.0,114.0,227.0,227.0,664.0,694.0,281.0,298.0,489.0,677.0,93.0,116.0,176.0,176.0,206.0,207.0,256.0,256.0,202.0,309.0,299.0,304.0,813.0,861.0,1189.0,1191.0,405.0,405.0,157.0,157.0,78.0,78.0,138.0,138.0,267.0,344.0,8182.0,8231.0,9567.078135,10569.192570000001,9386.081709,9641.765545
2020-10-19,183.0,183.0,640.0,727.0,357.0,389.0,207.0,207.0,108.0,117.0,148.0,148.0,274.0,276.0,84.0,84.0,163.0,168.0,573.0,598.0,318.0,321.0,435.0,548.0,213.0,213.0,196.0,309.0,239.0,240.0,240.0,240.0,257.0,317.0,387.0,387.0,871.0,926.0,981.0,1114.0,458.0,458.0,282.0,282.0,77.0,77.0,112.0,112.0,189.0,248.0,7992.0,8023.0,8941.014309,9351.486251,8765.246784,8782.590637000001
2020-10-20,216.0,216.0,829.0,839.0,381.0,415.0,147.0,147.0,157.0,157.0,155.0,156.0,271.0,272.0,125.0,125.0,150.0,150.0,697.0,706.0,755.0,758.0,368.0,420.0,204.0,205.0,194.0,223.0,254.0,254.0,176.0,176.0,240.0,306.0,272.0,273.0,636.0,784.0,921.0,1049.0,345.0,345.0,233.0,244.0,38.0,38.0,117.0,117.0,284.0,317.0,8165.0,8188.0,9386.419514,9830.004662000001,9211.563653,9154.545740000001
2020-10-21,249.0,277.0,881.0,920.0,396.0,418.0,125.0,126.0,177.0,177.0,138.0,139.0,236.0,237.0,142.0,142.0,111.0,111.0,613.0,630.0,792.0,901.0,540.0,547.0,243.0,243.0,163.0,164.0,284.0,291.0,173.0,173.0,312.0,359.0,259.0,259.0,721.0,800.0,952.0,977.0,363.0,363.0,344.0,355.0,78.0,78.0,152.0,152.0,299.0,336.0,8743.0,8788.0,9804.320879,9276.34554,9755.150311,9599.119748000001
2020-10-22,379.0,379.0,939.0,939.0,424.0,430.0,154.0,154.0,195.0,195.0,132.0,135.0,236.0,236.0,182.0,182.0,121.0,121.0,911.0,923.0,521.0,721.0,459.0,462.0,271.0,271.0,129.0,168.0,246.0,247.0,210.0,210.0,202.0,246.0,362.0,362.0,890.0,974.0,1299.0,1312.0,323.0,323.0,131.0,233.0,50.0,50.0,209.0,210.0,296.0,349.0,9271.0,9286.0,9711.674614,8672.589535,9987.667892,9864.178053
2020-10-23,530.0,530.0,892.0,967.0,535.0,535.0,153.0,153.0,179.0,179.0,153.0,155.0,208.0,208.0,161.0,161.0,133.0,133.0,732.0,743.0,495.0,685.0,608.0,616.0,255.0,255.0,190.0,190.0,330.0,330.0,247.0,247.0,274.0,373.0,747.0,747.0,927.0,1013.0,1051.0,1163.0,393.0,393.0,242.0,256.0,93.0,93.0,173.0,173.0,295.0,308.0,9996.0,10007.0,9846.674103,8765.159979,10307.174490000001,10383.80595
2020-10-24,339.0,340.0,617.0,682.0,360.0,429.0,122.0,122.0,198.0,198.0,158.0,159.0,245.0,245.0,121.0,121.0,80.0,80.0,862.0,864.0,546.0,641.0,520.0,654.0,286.0,286.0,141.0,155.0,258.0,258.0,203.0,203.0,228.0,286.0,653.0,653.0,832.0,889.0,936.0,1141.0,391.0,391.0,106.0,145.0,54.0,54.0,140.0,140.0,255.0,277.0,8651.0,8676.0,9546.565491,8516.948718000001,10038.3409,9875.55173
2020-10-25,254.0,256.0,980.0,986.0,392.0,394.0,167.0,167.0,238.0,238.0,104.0,104.0,234.0,234.0,127.0,127.0,90.0,90.0,812.0,815.0,386.0,502.0,762.0,852.0,254.0,254.0,255.0,255.0,221.0,223.0,258.0,258.0,234.0,314.0,611.0,645.0,1069.0,1086.0,1178.0,1254.0,529.0,529.0,365.0,394.0,80.0,80.0,157.0,157.0,445.0,465.0,10202.0,10210.0,10949.43095,10082.8738,11601.02964,11587.97731
2020-10-26,438.0,438.0,626.0,745.0,716.0,716.0,139.0,139.0,139.0,169.0,208.0,208.0,306.0,306.0,126.0,126.0,110.0,110.0,798.0,818.0,948.0,950.0,450.0,682.0,334.0,334.0,260.0,281.0,308.0,308.0,417.0,417.0,164.0,264.0,416.0,417.0,848.0,984.0,1251.0,1463.0,565.0,565.0,149.0,214.0,108.0,108.0,229.0,229.0,290.0,366.0,10343.0,10386.0,10891.11168,10073.90643,11616.42967,11526.8855
2020-10-27,377.0,377.0,838.0,839.0,381.0,395.0,124.0,124.0,142.0,142.0,90.0,90.0,348.0,348.0,145.0,145.0,121.0,121.0,812.0,834.0,771.0,1067.0,792.0,799.0,392.0,392.0,201.0,269.0,260.0,260.0,200.0,201.0,279.0,280.0,500.0,702.0,833.0,896.0,1222.0,1347.0,521.0,521.0,243.0,310.0,122.0,122.0,230.0,230.0,348.0,394.0,10292.0,10449.0,11550.401409999999,10783.71936,12363.76658,12118.03863
2020-10-28,226.0,250.0,409.0,523.0,356.0,360.0,82.0,82.0,181.0,181.0,94.0,94.0,359.0,359.0,100.0,100.0,254.0,254.0,555.0,579.0,921.0,1137.0,315.0,449.0,276.0,276.0,155.0,225.0,326.0,326.0,180.0,180.0,302.0,311.0,226.0,257.0,576.0,616.0,1087.0,1149.0,406.0,406.0,232.0,294.0,94.0,94.0,131.0,131.0,259.0,323.0,8102.0,8147.0,9673.265075,9136.316209,10078.988379999999,9334.644483
2020-10-29,401.0,434.0,571.0,571.0,758.0,758.0,93.0,93.0,167.0,167.0,123.0,123.0,306.0,306.0,129.0,129.0,116.0,116.0,805.0,816.0,599.0,771.0,515.0,519.0,363.0,363.0,143.0,155.0,344.0,348.0,188.0,189.0,350.0,351.0,574.0,608.0,1077.0,1093.0,1163.0,1303.0,558.0,558.0,278.0,371.0,150.0,150.0,184.0,184.0,309.0,322.0,10264.0,10301.0,11373.2083,11021.918090000001,11954.63735,11293.89978
2020-10-30,557.0,612.0,726.0,731.0,497.0,592.0,136.0,136.0,226.0,226.0,149.0,149.0,409.0,409.0,153.0,153.0,114.0,115.0,675.0,685.0,571.0,917.0,695.0,699.0,282.0,283.0,223.0,234.0,350.0,351.0,205.0,205.0,710.0,712.0,690.0,697.0,1095.0,1121.0,1267.0,1387.0,472.0,473.0,201.0,340.0,110.0,110.0,204.0,204.0,402.0,416.0,11119.0,11143.0,12380.3241,12351.02283,12904.953609999999,12265.65677
2020-10-31,308.0,416.0,668.0,671.0,529.0,546.0,155.0,155.0,229.0,232.0,131.0,131.0,389.0,389.0,101.0,101.0,89.0,89.0,730.0,763.0,633.0,1004.0,478.0,573.0,326.0,327.0,210.0,291.0,253.0,253.0,226.0,226.0,475.0,615.0,671.0,671.0,721.0,769.0,1160.0,1260.0,465.0,465.0,181.0,297.0,127.0,127.0,215.0,215.0,334.0,396.0,9804.0,9888.0,11406.017179999999,11054.607179999999,11766.25462,10821.12846
2020-11-01,299.0,349.0,631.0,669.0,403.0,514.0,131.0,131.0,142.0,142.0,132.0,132.0,294.0,294.0,123.0,123.0,71.0,71.0,532.0,578.0,740.0,1143.0,479.0,513.0,250.0,250.0,166.0,176.0,203.0,203.0,260.0,260.0,363.0,614.0,414.0,414.0,613.0,696.0,1226.0,1286.0,503.0,503.0,131.0,262.0,121.0,121.0,179.0,179.0,277.0,288.0,8683.0,8917.0,11186.73878,11126.98916,11388.31049,10151.973090000001
2020-11-02,442.0,522.0,378.0,485.0,364.0,365.0,121.0,121.0,141.0,142.0,133.0,133.0,185.0,185.0,108.0,109.0,94.0,94.0,559.0,627.0,802.0,922.0,470.0,485.0,188.0,189.0,118.0,315.0,157.0,167.0,232.0,232.0,389.0,545.0,302.0,303.0,633.0,722.0,1030.0,1147.0,628.0,628.0,229.0,318.0,129.0,129.0,134.0,134.0,320.0,365.0,8286.0,8431.0,10216.99166,9708.859649,10391.157220000001,9059.640984
2020-11-03,366.0,366.0,453.0,499.0,424.0,424.0,88.0,88.0,232.0,232.0,126.0,126.0,265.0,265.0,121.0,121.0,73.0,73.0,612.0,655.0,679.0,741.0,259.0,299.0,249.0,249.0,154.0,232.0,187.0,195.0,177.0,177.0,250.0,396.0,241.0,241.0,510.0,589.0,1080.0,1145.0,602.0,602.0,139.0,153.0,85.0,85.0,147.0,148.0,224.0,248.0,7743.0,7825.0,9805.270122,9106.451392,9956.090633,8278.209612
2020-11-04,303.0,387.0,429.0,511.0,406.0,444.0,100.0,100.0,204.0,205.0,75.0,75.0,276.0,277.0,104.0,104.0,61.0,62.0,437.0,461.0,685.0,815.0,444.0,477.0,258.0,258.0,126.0,247.0,206.0,208.0,244.0,244.0,265.0,384.0,458.0,458.0,616.0,735.0,775.0,845.0,504.0,504.0,112.0,152.0,136.0,136.0,137.0,137.0,272.0,311.0,7633.0,7790.0,9689.40691,8853.818881000001,9843.259014,8459.783519
2020-11-05,161.0,192.0,488.0,489.0,406.0,414.0,85.0,85.0,127.0,127.0,90.0,91.0,221.0,221.0,114.0,114.0,85.0,85.0,532.0,563.0,300.0,391.0,309.0,341.0,310.0,310.0,151.0,168.0,203.0,203.0,288.0,288.0,270.0,330.0,322.0,340.0,514.0,661.0,924.0,951.0,305.0,305.0,192.0,205.0,159.0,159.0,162.0,162.0,247.0,278.0,6965.0,7118.0,9343.051113,8648.94002,9416.723263,7679.23649
2020-11-06,273.0,273.0,383.0,410.0,324.0,324.0,106.0,106.0,163.0,164.0,87.0,87.0,245.0,246.0,106.0,106.0,76.0,76.0,453.0,526.0,526.0,536.0,343.0,378.0,204.0,204.0,196.0,320.0,196.0,196.0,257.0,257.0,266.0,335.0,426.0,427.0,502.0,669.0,1044.0,1046.0,393.0,393.0,162.0,200.0,109.0,109.0,154.0,155.0,248.0,268.0,7242.0,7509.0,8751.261069,7811.252075,8837.761924,7089.915501
2020-11-07,294.0,294.0,473.0,473.0,229.0,234.0,112.0,112.0,154.0,154.0,77.0,77.0,254.0,255.0,102.0,102.0,81.0,81.0,419.0,498.0,709.0,711.0,299.0,373.0,254.0,256.0,143.0,151.0,149.0,166.0,179.0,183.0,250.0,302.0,327.0,328.0,438.0,546.0,764.0,768.0,316.0,316.0,194.0,207.0,89.0,89.0,153.0,153.0,212.0,265.0,6671.0,6837.0,9100.651842,7855.638545999999,9274.432869,7399.855624
2020-11-08,224.0,239.0,400.0,417.0,307.0,307.0,95.0,96.0,147.0,148.0,74.0,75.0,190.0,190.0,65.0,65.0,63.0,63.0,337.0,342.0,314.0,429.0,298.0,298.0,191.0,192.0,128.0,319.0,126.0,126.0,198.0,198.0,211.0,253.0,309.0,309.0,456.0,616.0,664.0,664.0,311.0,311.0,99.0,151.0,94.0,94.0,129.0,129.0,234.0,256.0,5664.0,5829.0,8344.351915000001,7047.320023,8606.163043999999,6616.780782
2020-11-09,161.0,197.0,272.0,314.0,185.0,185.0,73.0,73.0,112.0,113.0,72.0,72.0,179.0,179.0,105.0,105.0,79.0,79.0,290.0,297.0,349.0,417.0,201.0,215.0,173.0,175.0,102.0,352.0,299.0,299.0,175.0,175.0,139.0,169.0,138.0,139.0,299.0,345.0,630.0,647.0,235.0,236.0,99.0,138.0,80.0,80.0,98.0,98.0,135.0,177.0,4680.0,4843.0,6522.707289,5320.88014,6681.795818,5175.9726009999995
2020-11-10,173.0,199.0,304.0,315.0,184.0,192.0,64.0,64.0,100.0,100.0,80.0,80.0,144.0,144.0,75.0,75.0,37.0,37.0,382.0,429.0,386.0,476.0,243.0,294.0,117.0,117.0,91.0,301.0,136.0,142.0,130.0,130.0,194.0,199.0,348.0,351.0,399.0,412.0,395.0,432.0,170.0,170.0,69.0,79.0,70.0,70.0,121.0,121.0,255.0,267.0,4667.0,4830.0,7258.919159,5951.695928,7459.045375,5557.065011
2020-11-11,263.0,263.0,397.0,397.0,364.0,364.0,85.0,85.0,156.0,156.0,93.0,93.0,128.0,129.0,104.0,104.0,59.0,59.0,370.0,375.0,367.0,416.0,338.0,403.0,154.0,154.0,96.0,217.0,77.0,114.0,186.0,186.0,179.0,229.0,201.0,201.0,414.0,423.0,578.0,596.0,243.0,243.0,160.0,167.0,83.0,83.0,121.0,121.0,191.0,211.0,5407.0,5517.0,6793.020398000002,5250.804627,7085.2040739999975,5605.450637
2020-11-12,170.0,213.0,458.0,460.0,238.0,274.0,75.0,75.0,156.0,156.0,76.0,76.0,187.0,187.0,73.0,74.0,62.0,62.0,444.0,453.0,202.0,246.0,267.0,396.0,181.0,181.0,126.0,129.0,185.0,186.0,171.0,171.0,223.0,224.0,364.0,364.0,503.0,522.0,642.0,673.0,252.0,252.0,113.0,156.0,129.0,129.0,141.0,142.0,196.0,211.0,5634.0,5773.0,6752.835195999999,5104.062594,7143.810511,5309.1131909999995
2020-11-13,167.0,169.0,485.0,487.0,309.0,352.0,77.0,77.0,127.0,127.0,95.0,95.0,225.0,226.0,95.0,95.0,90.0,90.0,432.0,450.0,364.0,440.0,328.0,430.0,236.0,236.0,83.0,121.0,189.0,198.0,175.0,175.0,241.0,274.0,424.0,425.0,507.0,540.0,579.0,590.0,250.0,250.0,145.0,159.0,114.0,116.0,113.0,113.0,241.0,284.0,6091.0,6246.0,7230.585636,5505.940719,7661.107433,5924.998489
2020-11-14,180.0,186.0,365.0,434.0,248.0,307.0,78.0,78.0,173.0,173.0,91.0,91.0,184.0,184.0,97.0,97.0,66.0,66.0,393.0,405.0,640.0,650.0,304.0,350.0,174.0,178.0,124.0,124.0,165.0,167.0,238.0,238.0,223.0,282.0,233.0,233.0,424.0,462.0,674.0,679.0,335.0,335.0,90.0,133.0,82.0,82.0,147.0,148.0,186.0,256.0,5914.0,5996.0,7645.705672,5777.778053,8096.725204,6172.581386
2020-11-15,311.0,315.0,305.0,354.0,226.0,293.0,79.0,79.0,118.0,118.0,70.0,70.0,193.0,193.0,70.0,71.0,80.0,80.0,333.0,362.0,297.0,365.0,307.0,379.0,211.0,211.0,111.0,135.0,177.0,178.0,172.0,172.0,189.0,243.0,319.0,322.0,393.0,432.0,625.0,648.0,314.0,316.0,95.0,103.0,75.0,75.0,155.0,155.0,188.0,235.0,5413.0,5491.0,7139.128344,5463.625644,7606.869384999999,5679.611847
2020-11-16,155.0,156.0,342.0,380.0,307.0,353.0,103.0,103.0,102.0,102.0,119.0,120.0,138.0,138.0,72.0,72.0,92.0,92.0,295.0,344.0,332.0,473.0,204.0,258.0,165.0,166.0,77.0,224.0,154.0,160.0,142.0,142.0,131.0,185.0,135.0,162.0,352.0,392.0,611.0,647.0,345.0,345.0,98.0,111.0,104.0,104.0,111.0,111.0,144.0,254.0,4830.0,4993.0,6470.002693,4922.535831,6930.210497,5261.166029
2020-11-17,117.0,151.0,277.0,309.0,263.0,324.0,63.0,63.0,155.0,155.0,103.0,103.0,128.0,128.0,59.0,60.0,55.0,55.0,270.0,297.0,392.0,477.0,192.0,207.0,118.0,118.0,87.0,202.0,83.0,96.0,126.0,127.0,192.0,215.0,259.0,262.0,315.0,326.0,422.0,445.0,189.0,191.0,91.0,99.0,60.0,60.0,143.0,143.0,143.0,221.0,4302.0,4446.0,5889.635357,4452.812257,6238.833132,4692.256015999998
2020-11-18,93.0,111.0,301.0,315.0,92.0,193.0,141.0,141.0,243.0,244.0,116.0,116.0,139.0,142.0,63.0,66.0,54.0,54.0,380.0,389.0,350.0,408.0,221.0,233.0,135.0,135.0,124.0,177.0,86.0,89.0,192.0,192.0,130.0,188.0,137.0,137.0,345.0,355.0,518.0,552.0,220.0,235.0,124.0,129.0,95.0,95.0,141.0,143.0,169.0,234.0,4609.0,4696.0,6156.2363049999985,4654.9741060000015,6555.599193,4774.287781
2020-11-19,222.0,227.0,208.0,263.0,288.0,318.0,19.0,70.0,115.0,150.0,127.0,128.0,203.0,213.0,94.0,95.0,68.0,68.0,365.0,377.0,406.0,477.0,364.0,381.0,204.0,204.0,109.0,167.0,86.0,90.0,169.0,169.0,228.0,279.0,320.0,321.0,562.0,571.0,448.0,531.0,358.0,358.0,129.0,142.0,182.0,183.0,105.0,107.0,266.0,280.0,5645.0,5697.0,6463.843401,5005.465411,6890.876511,5415.02554
2020-11-20,193.0,205.0,400.0,401.0,304.0,339.0,104.0,104.0,167.0,167.0,92.0,92.0,173.0,173.0,84.0,84.0,125.0,125.0,393.0,413.0,449.0,485.0,337.0,364.0,218.0,218.0,124.0,128.0,201.0,203.0,130.0,130.0,268.0,337.0,187.0,187.0,563.0,573.0,651.0,680.0,257.0,258.0,85.0,100.0,36.0,84.0,111.0,117.0,281.0,304.0,5933.0,5975.0,6278.507436,4885.914956000001,6684.483893,5078.598808
2020-11-21,204.0,238.0,499.0,502.0,270.0,318.0,153.0,153.0,193.0,193.0,102.0,102.0,204.0,204.0,72.0,72.0,120.0,120.0,323.0,346.0,431.0,467.0,334.0,353.0,288.0,288.0,123.0,163.0,99.0,103.0,186.0,186.0,265.0,306.0,309.0,309.0,371.0,379.0,655.0,689.0,301.0,302.0,123.0,134.0,75.0,79.0,167.0,167.0,203.0,274.0,6070.0,6134.0,6502.8165130000025,5195.027642,6924.4244549999985,5567.234209
2020-11-22,151.0,158.0,403.0,428.0,298.0,368.0,87.0,87.0,149.0,149.0,90.0,90.0,133.0,133.0,72.0,74.0,102.0,102.0,319.0,340.0,390.0,463.0,326.0,372.0,211.0,211.0,110.0,240.0,165.0,165.0,150.0,150.0,189.0,248.0,148.0,153.0,471.0,492.0,567.0,637.0,283.0,283.0,101.0,133.0,87.0,88.0,160.0,164.0,226.0,351.0,5388.0,5512.0,6416.017357,5307.01999,6783.5818469999995,5366.404108
2020-11-23,222.0,268.0,274.0,339.0,276.0,276.0,103.0,104.0,208.0,208.0,124.0,124.0,167.0,168.0,47.0,48.0,127.0,127.0,300.0,304.0,320.0,453.0,208.0,274.0,166.0,166.0,80.0,239.0,193.0,194.0,199.0,200.0,155.0,204.0,408.0,408.0,353.0,359.0,460.0,498.0,281.0,281.0,67.0,107.0,89.0,92.0,116.0,117.0,227.0,291.0,5170.0,5320.0,6547.606789,5140.7594579999995,7025.8994219999995,5681.880432
2020-11-24,109.0,185.0,232.0,275.0,182.0,205.0,60.0,60.0,182.0,182.0,98.0,98.0,143.0,146.0,46.0,48.0,47.0,47.0,278.0,296.0,242.0,316.0,212.0,288.0,106.0,107.0,92.0,303.0,171.0,171.0,119.0,120.0,146.0,177.0,251.0,252.0,282.0,302.0,250.0,310.0,242.0,242.0,79.0,104.0,41.0,45.0,132.0,135.0,184.0,294.0,3926.0,4142.0,5782.402271,4529.459011,6152.710645,4794.863529
2020-11-25,141.0,271.0,328.0,333.0,312.0,423.0,82.0,82.0,162.0,162.0,93.0,94.0,150.0,168.0,34.0,34.0,64.0,64.0,395.0,402.0,375.0,434.0,299.0,316.0,170.0,172.0,141.0,204.0,102.0,102.0,86.0,86.0,215.0,244.0,169.0,170.0,377.0,388.0,529.0,557.0,199.0,200.0,87.0,90.0,78.0,78.0,129.0,139.0,192.0,193.0,4909.0,5091.0,5611.801754,4371.5689299999985,5990.983638000002,4634.5201670000015
2020-11-26,144.0,190.0,272.0,296.0,212.0,357.0,88.0,88.0,176.0,177.0,76.0,76.0,175.0,176.0,47.0,47.0,98.0,98.0,333.0,355.0,228.0,350.0,201.0,272.0,112.0,112.0,120.0,136.0,163.0,165.0,145.0,145.0,169.0,255.0,186.0,187.0,460.0,470.0,408.0,438.0,188.0,188.0,78.0,101.0,82.0,82.0,150.0,151.0,159.0,182.0,4470.0,4655.0,5744.803218,4458.665736,6153.115086,4710.942439
2020-11-27,135.0,186.0,375.0,375.0,338.0,622.0,75.0,75.0,225.0,225.0,91.0,91.0,141.0,142.0,63.0,64.0,119.0,119.0,249.0,268.0,500.0,558.0,286.0,387.0,223.0,223.0,128.0,166.0,226.0,226.0,205.0,205.0,229.0,245.0,200.0,200.0,479.0,508.0,605.0,629.0,234.0,234.0,64.0,81.0,102.0,102.0,149.0,153.0,302.0,329.0,5743.0,6104.0,6269.706236,4838.49055,6661.478629,5262.3950399999985
2020-11-28,134.0,158.0,279.0,310.0,148.0,350.0,89.0,89.0,156.0,157.0,102.0,102.0,145.0,146.0,49.0,49.0,85.0,85.0,331.0,341.0,272.0,446.0,266.0,294.0,116.0,116.0,113.0,135.0,145.0,145.0,127.0,128.0,181.0,204.0,284.0,284.0,337.0,346.0,395.0,416.0,222.0,222.0,118.0,123.0,64.0,65.0,152.0,153.0,149.0,240.0,4459.0,4645.0,5774.6680049999995,4675.711158,6156.860955,4732.317127
2020-11-29,191.0,203.0,354.0,372.0,278.0,294.0,52.0,52.0,115.0,115.0,110.0,110.0,239.0,241.0,54.0,54.0,91.0,92.0,259.0,263.0,381.0,467.0,262.0,300.0,216.0,216.0,149.0,155.0,160.0,160.0,196.0,196.0,204.0,255.0,316.0,316.0,424.0,435.0,630.0,652.0,290.0,291.0,89.0,115.0,75.0,75.0,144.0,147.0,306.0,378.0,5585.0,5658.0,6329.1609549999985,5438.4144909999995,6749.867989,5300.504718
2020-11-30,176.0,243.0,303.0,334.0,184.0,227.0,72.0,73.0,158.0,160.0,110.0,110.0,126.0,128.0,58.0,58.0,98.0,98.0,251.0,264.0,365.0,507.0,175.0,246.0,110.0,113.0,99.0,169.0,153.0,153.0,177.0,177.0,146.0,174.0,405.0,405.0,385.0,392.0,363.0,442.0,206.0,206.0,73.0,100.0,51.0,51.0,144.0,145.0,180.0,276.0,4568.0,4718.0,6055.891722,5258.2924299999995,6495.567063,4973.2235359999995
2020-12-01,63.0,153.0,302.0,329.0,201.0,345.0,52.0,52.0,150.0,154.0,89.0,89.0,136.0,139.0,48.0,49.0,80.0,80.0,267.0,281.0,272.0,402.0,146.0,237.0,140.0,140.0,101.0,220.0,147.0,149.0,194.0,194.0,197.0,214.0,145.0,149.0,332.0,341.0,335.0,370.0,189.0,192.0,92.0,101.0,48.0,48.0,158.0,158.0,161.0,278.0,4045.0,4300.0,5736.683120000002,4718.1049950000015,6093.622883,4566.207653
2020-12-02,218.0,347.0,348.0,366.0,217.0,368.0,79.0,79.0,160.0,163.0,90.0,91.0,133.0,136.0,49.0,49.0,93.0,93.0,375.0,382.0,329.0,418.0,267.0,279.0,139.0,139.0,132.0,196.0,109.0,109.0,156.0,158.0,171.0,203.0,262.0,263.0,396.0,403.0,549.0,565.0,198.0,198.0,74.0,106.0,55.0,56.0,152.0,152.0,170.0,228.0,4921.0,5208.0,5560.617125,4348.569594,5923.288723,4515.877093
2020-12-03,183.0,254.0,384.0,427.0,272.0,353.0,80.0,80.0,184.0,191.0,112.0,112.0,185.0,186.0,46.0,46.0,145.0,145.0,356.0,382.0,391.0,429.0,312.0,369.0,208.0,208.0,165.0,198.0,143.0,146.0,193.0,193.0,288.0,330.0,132.0,141.0,429.0,435.0,494.0,523.0,251.0,251.0,155.0,180.0,79.0,84.0,167.0,167.0,252.0,269.0,5606.0,5730.0,6006.6598909999975,4792.067803,6378.495373,5042.698836
2020-12-04,120.0,163.0,263.0,295.0,288.0,393.0,77.0,77.0,147.0,150.0,124.0,125.0,188.0,189.0,52.0,52.0,113.0,113.0,326.0,342.0,485.0,531.0,297.0,342.0,206.0,207.0,183.0,186.0,197.0,197.0,191.0,192.0,284.0,367.0,201.0,204.0,686.0,706.0,354.0,401.0,243.0,244.0,99.0,143.0,94.0,95.0,185.0,186.0,471.0,479.0,5874.0,6003.0,6699.880106000001,5474.351401,7153.868457,5747.47678
2020-12-05,162.0,231.0,433.0,435.0,281.0,364.0,105.0,105.0,154.0,154.0,142.0,142.0,242.0,244.0,143.0,143.0,110.0,110.0,436.0,448.0,713.0,766.0,323.0,371.0,212.0,212.0,144.0,164.0,193.0,193.0,255.0,255.0,266.0,380.0,238.0,240.0,621.0,628.0,344.0,369.0,239.0,239.0,171.0,208.0,85.0,85.0,175.0,178.0,334.0,379.0,6521.0,6604.0,7046.5764709999985,5858.810715,7497.238584999999,6174.6277439999985
2020-12-06,197.0,197.0,419.0,420.0,321.0,380.0,73.0,73.0,299.0,299.0,136.0,136.0,257.0,263.0,104.0,104.0,147.0,147.0,410.0,417.0,430.0,527.0,355.0,372.0,309.0,312.0,190.0,209.0,168.0,168.0,162.0,163.0,243.0,312.0,285.0,285.0,582.0,599.0,514.0,528.0,267.0,267.0,117.0,177.0,77.0,77.0,370.0,370.0,347.0,468.0,6779.0,6811.0,7675.645127,6568.815372,8157.501803,6858.145205
2020-12-07,249.0,253.0,266.0,318.0,287.0,381.0,91.0,91.0,216.0,223.0,151.0,151.0,244.0,272.0,106.0,106.0,221.0,221.0,313.0,327.0,551.0,741.0,404.0,446.0,234.0,234.0,292.0,297.0,263.0,264.0,242.0,243.0,285.0,402.0,349.0,349.0,500.0,503.0,693.0,699.0,305.0,305.0,93.0,158.0,92.0,92.0,325.0,325.0,295.0,384.0,7067.0,7111.0,8052.5396200000005,6745.47507,8586.838726,7236.670372
2020-12-08,218.0,272.0,396.0,397.0,313.0,432.0,70.0,70.0,215.0,272.0,125.0,125.0,157.0,213.0,88.0,89.0,161.0,161.0,491.0,505.0,458.0,668.0,258.0,319.0,132.0,136.0,143.0,258.0,159.0,161.0,289.0,290.0,264.0,420.0,391.0,391.0,565.0,570.0,377.0,471.0,296.0,301.0,111.0,151.0,60.0,60.0,186.0,186.0,223.0,263.0,6146.0,6324.0,7923.48643,6674.034629,8432.984290999999,6964.908345999997
2020-12-09,184.0,224.0,491.0,514.0,260.0,378.0,115.0,116.0,166.0,235.0,135.0,136.0,196.0,196.0,110.0,110.0,100.0,100.0,366.0,379.0,423.0,597.0,326.0,327.0,236.0,236.0,167.0,209.0,221.0,222.0,325.0,328.0,222.0,358.0,319.0,319.0,642.0,648.0,471.0,497.0,321.0,329.0,112.0,115.0,81.0,81.0,198.0,201.0,341.0,360.0,6528.0,6666.0,7761.564146,6292.434839000001,8249.117640999999,6782.481983
2020-12-10,177.0,286.0,505.0,544.0,396.0,557.0,135.0,135.0,296.0,338.0,164.0,164.0,335.0,335.0,117.0,117.0,197.0,197.0,686.0,701.0,653.0,834.0,504.0,509.0,273.0,275.0,303.0,338.0,197.0,202.0,357.0,358.0,406.0,525.0,370.0,379.0,785.0,793.0,595.0,627.0,317.0,317.0,118.0,156.0,130.0,130.0,292.0,297.0,412.0,473.0,8720.0,8913.0,8598.641776999999,6997.970224,9165.665133,7911.110998999998
2020-12-11,241.0,328.0,573.0,661.0,502.0,675.0,133.0,133.0,89.0,174.0,176.0,177.0,348.0,348.0,133.0,133.0,216.0,216.0,529.0,539.0,602.0,768.0,538.0,564.0,279.0,279.0,212.0,325.0,277.0,277.0,421.0,421.0,476.0,612.0,217.0,232.0,781.0,787.0,631.0,682.0,293.0,293.0,124.0,141.0,211.0,211.0,304.0,305.0,532.0,598.0,8838.0,9119.0,9739.642387,7996.874508,10424.461640000001,9303.880941
2020-12-12,296.0,375.0,485.0,541.0,369.0,443.0,128.0,128.0,292.0,294.0,168.0,168.0,252.0,268.0,102.0,102.0,169.0,169.0,661.0,670.0,679.0,732.0,604.0,714.0,445.0,445.0,319.0,451.0,220.0,220.0,448.0,448.0,242.0,494.0,368.0,369.0,806.0,821.0,591.0,657.0,395.0,395.0,171.0,178.0,151.0,151.0,338.0,338.0,381.0,458.0,9080.0,9312.0,9841.265083,8812.42079,11331.65152,10108.53708
2020-12-13,290.0,319.0,405.0,482.0,597.0,649.0,258.0,258.0,311.0,311.0,181.0,181.0,379.0,379.0,121.0,121.0,208.0,208.0,660.0,668.0,605.0,744.0,376.0,528.0,416.0,418.0,309.0,318.0,189.0,189.0,414.0,415.0,494.0,688.0,396.0,398.0,872.0,884.0,662.0,720.0,450.0,450.0,220.0,253.0,142.0,142.0,490.0,491.0,439.0,506.0,9884.0,9896.0,10372.344309999999,9302.887252,11537.44604,10266.750170000001
2020-12-14,279.0,316.0,426.0,457.0,397.0,452.0,187.0,220.0,336.0,336.0,260.0,260.0,276.0,292.0,115.0,115.0,237.0,237.0,443.0,452.0,438.0,651.0,408.0,468.0,286.0,286.0,194.0,200.0,300.0,300.0,431.0,432.0,467.0,567.0,318.0,321.0,732.0,850.0,539.0,663.0,485.0,485.0,128.0,169.0,98.0,98.0,271.0,273.0,406.0,494.0,8457.0,8488.0,10372.344309999999,9302.887252,11070.57322,9672.347988
2020-12-15,214.0,280.0,296.0,324.0,120.0,152.0,102.0,108.0,265.0,284.0,115.0,115.0,207.0,216.0,79.0,79.0,152.0,152.0,356.0,362.0,626.0,740.0,286.0,377.0,286.0,287.0,272.0,325.0,247.0,247.0,404.0,404.0,110.0,276.0,329.0,332.0,817.0,822.0,217.0,306.0,340.0,340.0,179.0,235.0,70.0,71.0,277.0,279.0,267.0,347.0,6633.0,6738.0,9139.303769,8326.830395,9639.380409000001,7987.061264
2020-12-16,315.0,324.0,653.0,654.0,618.0,696.0,231.0,231.0,385.0,387.0,220.0,220.0,331.0,332.0,149.0,149.0,290.0,290.0,547.0,563.0,858.0,946.0,432.0,550.0,377.0,378.0,233.0,422.0,294.0,295.0,381.0,381.0,571.0,571.0,594.0,596.0,1103.0,1105.0,770.0,780.0,445.0,445.0,204.0,221.0,139.0,140.0,396.0,397.0,633.0,640.0,11169.0,11323.0,9841.265083,8812.42079,10451.46623,9174.249881
2020-12-17,402.0,498.0,655.0,656.0,675.0,865.0,292.0,292.0,392.0,392.0,259.0,259.0,434.0,434.0,168.0,168.0,337.0,337.0,864.0,881.0,711.0,962.0,726.0,798.0,493.0,493.0,423.0,503.0,403.0,403.0,717.0,717.0,641.0,641.0,713.0,727.0,660.0,769.0,971.0,1003.0,512.0,512.0,169.0,247.0,200.0,200.0,519.0,524.0,443.0,553.0,12779.0,13079.0,11551.73497,10345.42723,12452.44658,11857.88313
2020-12-18,263.0,328.0,407.0,423.0,508.0,712.0,256.0,256.0,335.0,337.0,211.0,211.0,444.0,444.0,198.0,198.0,267.0,267.0,713.0,723.0,841.0,973.0,565.0,621.0,581.0,581.0,326.0,433.0,349.0,350.0,516.0,516.0,673.0,674.0,489.0,512.0,1167.0,1170.0,801.0,911.0,453.0,453.0,315.0,324.0,225.0,225.0,320.0,322.0,708.0,708.0,11931.0,12206.0,12203.76585,11042.51524,13082.1888,12533.95864
2020-12-19,332.0,396.0,701.0,705.0,542.0,625.0,332.0,332.0,263.0,263.0,287.0,287.0,277.0,277.0,156.0,156.0,230.0,230.0,652.0,658.0,854.0,1044.0,752.0,793.0,377.0,378.0,505.0,506.0,364.0,364.0,640.0,640.0,580.0,645.0,912.0,923.0,998.0,1005.0,549.0,646.0,404.0,404.0,199.0,327.0,235.0,235.0,493.0,495.0,583.0,733.0,12217.0,12364.0,13267.08908,12153.11976,14298.10096,13618.86385
2020-12-20,402.0,403.0,704.0,723.0,577.0,579.0,292.0,292.0,392.0,392.0,321.0,321.0,627.0,628.0,165.0,165.0,272.0,272.0,607.0,623.0,1035.0,1136.0,594.0,710.0,564.0,565.0,280.0,373.0,262.0,262.0,496.0,496.0,716.0,717.0,916.0,963.0,1094.0,1108.0,853.0,855.0,470.0,470.0,184.0,262.0,118.0,118.0,528.0,528.0,563.0,690.0,13032.0,13065.0,14083.832559999999,13314.33398,15066.2299,14244.677819999999
2020-12-21,256.0,370.0,425.0,548.0,427.0,460.0,237.0,237.0,370.0,382.0,291.0,294.0,321.0,424.0,180.0,180.0,368.0,368.0,710.0,726.0,732.0,1102.0,558.0,605.0,540.0,541.0,246.0,282.0,397.0,399.0,556.0,556.0,524.0,620.0,635.0,724.0,923.0,932.0,598.0,628.0,472.0,473.0,160.0,234.0,216.0,216.0,413.0,413.0,613.0,733.0,11168.0,11462.0,12926.449528711906,12317.202166725909,13797.611722378708,12580.013496370926
2020-12-22,247.0,372.0,560.0,584.0,553.0,627.0,234.0,234.0,361.0,396.0,197.0,198.0,289.0,365.0,164.0,164.0,180.0,180.0,564.0,592.0,586.0,778.0,491.0,523.0,472.0,472.0,316.0,370.0,297.0,300.0,604.0,604.0,517.0,584.0,471.0,575.0,775.0,824.0,430.0,454.0,332.0,332.0,132.0,157.0,165.0,165.0,335.0,353.0,538.0,620.0,9810.0,10060.0,12280.829967322445,11867.759851619094,13177.569421847022,11487.11677631235
2020-12-23,254.0,334.0,487.0,504.0,372.0,402.0,218.0,218.0,369.0,408.0,224.0,224.0,382.0,382.0,162.0,162.0,227.0,227.0,668.0,674.0,684.0,784.0,498.0,543.0,481.0,482.0,322.0,417.0,417.0,419.0,685.0,685.0,518.0,567.0,379.0,439.0,814.0,836.0,546.0,575.0,344.0,345.0,193.0,218.0,222.0,223.0,413.0,440.0,509.0,591.0,10388.0,10518.0,11699.822147817105,11075.101736196064,12453.714176977765,10682.505881153298
2020-12-24,434.0,498.0,537.0,539.0,594.0,683.0,238.0,238.0,329.0,333.0,273.0,273.0,321.0,321.0,160.0,160.0,266.0,266.0,633.0,649.0,626.0,742.0,564.0,658.0,552.0,552.0,280.0,348.0,352.0,357.0,550.0,550.0,679.0,794.0,740.0,742.0,807.0,819.0,754.0,780.0,346.0,347.0,260.0,301.0,213.0,213.0,398.0,423.0,593.0,651.0,11499.0,11667.0,12976.761197431177,12321.637220409042,13828.93571156295,12143.403361245777
2020-12-25,306.0,382.0,394.0,416.0,544.0,670.0,277.0,277.0,312.0,319.0,277.0,280.0,357.0,357.0,152.0,152.0,277.0,277.0,478.0,485.0,674.0,768.0,627.0,632.0,516.0,517.0,531.0,535.0,326.0,329.0,517.0,519.0,658.0,688.0,793.0,808.0,1044.0,1050.0,746.0,749.0,401.0,401.0,225.0,228.0,219.0,219.0,314.0,324.0,522.0,561.0,11487.0,11585.0,12522.744653031408,11515.010815976138,13448.8725098433,11624.676208309917
2020-12-26,243.0,247.0,373.0,384.0,414.0,511.0,258.0,258.0,240.0,274.0,297.0,298.0,252.0,267.0,120.0,120.0,284.0,284.0,641.0,641.0,690.0,692.0,408.0,452.0,583.0,584.0,263.0,302.0,311.0,311.0,283.0,283.0,667.0,674.0,590.0,690.0,746.0,805.0,725.0,757.0,300.0,300.0,184.0,197.0,128.0,129.0,374.0,374.0,474.0,590.0,9848.0,9871.0,12440.311334697952,11744.643038516555,13196.815694537914,11214.622202476514
2020-12-27,245.0,259.0,574.0,574.0,434.0,538.0,187.0,188.0,308.0,332.0,229.0,229.0,347.0,349.0,120.0,121.0,291.0,292.0,361.0,391.0,552.0,573.0,339.0,392.0,554.0,555.0,238.0,348.0,232.0,232.0,597.0,597.0,309.0,456.0,438.0,624.0,535.0,617.0,437.0,556.0,356.0,356.0,84.0,145.0,153.0,153.0,430.0,430.0,730.0,773.0,9080.0,9145.0,11064.222570613698,10805.168711458642,11620.23308146569,9705.923216314595
2020-12-28,226.0,259.0,314.0,363.0,275.0,407.0,192.0,193.0,270.0,286.0,168.0,169.0,357.0,360.0,139.0,139.0,229.0,229.0,347.0,363.0,520.0,560.0,439.0,446.0,318.0,336.0,238.0,335.0,258.0,267.0,313.0,316.0,356.0,484.0,246.0,368.0,564.0,571.0,361.0,417.0,271.0,271.0,108.0,158.0,108.0,108.0,318.0,321.0,480.0,655.0,7415.0,7778.0,10613.509984589737,10434.531694265946,11114.177644743357,8942.643912472224
2020-12-29,178.0,290.0,352.0,399.0,327.0,402.0,208.0,208.0,215.0,238.0,203.0,203.0,210.0,212.0,94.0,94.0,124.0,124.0,422.0,436.0,464.0,536.0,449.0,498.0,318.0,321.0,351.0,469.0,223.0,226.0,409.0,410.0,408.0,502.0,599.0,634.0,515.0,524.0,447.0,453.0,256.0,256.0,87.0,88.0,93.0,93.0,235.0,238.0,315.0,492.0,7502.0,7678.0,10126.899884689004,10154.099055814399,10557.674834680029,8250.716873686268
2020-12-30,326.0,423.0,434.0,446.0,387.0,432.0,242.0,242.0,314.0,316.0,210.0,210.0,356.0,356.0,142.0,142.0,191.0,192.0,535.0,546.0,611.0,664.0,489.0,590.0,381.0,382.0,300.0,357.0,300.0,306.0,249.0,251.0,577.0,625.0,637.0,651.0,673.0,681.0,605.0,625.0,296.0,296.0,227.0,232.0,139.0,139.0,330.0,344.0,447.0,535.0,9398.0,9565.0,10582.456727760014,10041.724405096948,11050.594883014526,8751.469535022761
